taxon_id,output_column,value,previous_value,value_origin,value_origin_zh,source_id_used,candidate_ids_used,review_decision_ids_used
Sinanodonta_sp.,max_size_coarse__lt_10mm,0,0,previous_merge_run,上一轮合并矩阵已有值,dryad_qrfj6q5nh_v20240304,,
Sinanodonta_sp.,max_size_coarse__ge_approx_10mm,1,1,previous_merge_run,上一轮合并矩阵已有值,dryad_qrfj6q5nh_v20240304,,
Sinanodonta_sp.,shape_S1_streamlined,0,,reviewed_trait_gap_completion,本轮审定缺值检索补值,korean_stream_macroinvertebrate_v1_2,CAND_SINANODONTA_SP_FULL_007,RGD-0058
Sinanodonta_sp.,shape_S2_non_streamlined,2,,reviewed_trait_gap_completion,本轮审定缺值检索补值,korean_stream_macroinvertebrate_v1_2,CAND_SINANODONTA_SP_FULL_008,RGD-0059
Sinanodonta_sp.,armour_AR1_none,0,,reviewed_trait_gap_completion,本轮审定缺值检索补值,korean_stream_macroinvertebrate_v1_2,CAND_SINANODONTA_SP_FULL_009,RGD-0060
Sinanodonta_sp.,armour_AR2_weak,0,,reviewed_trait_gap_completion,本轮审定缺值检索补值,korean_stream_macroinvertebrate_v1_2,CAND_SINANODONTA_SP_FULL_010,RGD-0061
Sinanodonta_sp.,armour_AR3_strong,2,,reviewed_trait_gap_completion,本轮审定缺值检索补值,korean_stream_macroinvertebrate_v1_2,CAND_SINANODONTA_SP_FULL_011,RGD-0062
Sinanodonta_sp.,locomotion__burrower_interstitial,1,1,previous_merge_run,上一轮合并矩阵已有值,dryad_qrfj6q5nh_v20240304,,
Sinanodonta_sp.,locomotion__crawler_climber_sprawler,0,0,previous_merge_run,上一轮合并矩阵已有值,dryad_qrfj6q5nh_v20240304,,
Sinanodonta_sp.,locomotion__clinger,0,0,previous_merge_run,上一轮合并矩阵已有值,dryad_qrfj6q5nh_v20240304,,
Sinanodonta_sp.,locomotion__mobile_swimmer_planktonic_skater_flier,0,0,previous_merge_run,上一轮合并矩阵已有值,dryad_qrfj6q5nh_v20240304,,
Sinanodonta_sp.,feeding_group__collector_gatherer,0,0,previous_merge_run,上一轮合并矩阵已有值,dryad_qrfj6q5nh_v20240304,,
Sinanodonta_sp.,feeding_group__collector_filterer,1,1,previous_merge_run,上一轮合并矩阵已有值,dryad_qrfj6q5nh_v20240304,,
Sinanodonta_sp.,feeding_group__scraper_grazer,0,0,previous_merge_run,上一轮合并矩阵已有值,dryad_qrfj6q5nh_v20240304,,
Sinanodonta_sp.,feeding_group__shredder,0,0,previous_merge_run,上一轮合并矩阵已有值,dryad_qrfj6q5nh_v20240304,,
Sinanodonta_sp.,feeding_group__predator_piercer,0,0,previous_merge_run,上一轮合并矩阵已有值,dryad_qrfj6q5nh_v20240304,,
Sinanodonta_sp.,feeding_group__parasite,0,,reviewed_trait_gap_completion,本轮审定缺值检索补值,fu_2022_fevo922539; korean_stream_macroinvertebrate_v1_2,CAND_SINANODONTA_SP_P0_006; CAND_SINANODONTA_SP_FULL_012,RGD-0057; RGD-0063
Sinanodonta_sp.,respiration__integument,0,0,previous_merge_run,上一轮合并矩阵已有值,dryad_qrfj6q5nh_v20240304,,
Sinanodonta_sp.,respiration__gill,1,1,previous_merge_run,上一轮合并矩阵已有值,dryad_qrfj6q5nh_v20240304,,
Sinanodonta_sp.,respiration__aerial_any,0,0,previous_merge_run,上一轮合并矩阵已有值,dryad_qrfj6q5nh_v20240304,,
Sinanodonta_sp.,dispersal_mode__aquatic_passive,1,1,previous_merge_run,上一轮合并矩阵已有值,dryad_qrfj6q5nh_v20240304,,
Sinanodonta_sp.,dispersal_mode__terrestrial_passive,0,0,previous_merge_run,上一轮合并矩阵已有值,dryad_qrfj6q5nh_v20240304,,
Sinanodonta_sp.,dispersal_mode__terrestrial_active,0,0,previous_merge_run,上一轮合并矩阵已有值,dryad_qrfj6q5nh_v20240304,,
Sinanodonta_sp.,aquatic_stage__egg_larva_aquatic,,,missing,仍缺失,,,
Sinanodonta_sp.,aquatic_stage__fully_aquatic,,,missing,仍缺失,,,
Sinanodonta_sp.,sexual_maturity_duration__short,0,0,previous_merge_run,上一轮合并矩阵已有值,dryad_qrfj6q5nh_v20240304,,
Sinanodonta_sp.,sexual_maturity_duration__long,1,1,previous_merge_run,上一轮合并矩阵已有值,dryad_qrfj6q5nh_v20240304,,
Sinanodonta_sp.,life_span_bin__le_1yr,0,,reviewed_trait_gap_completion,本轮审定缺值检索补值,fu_2022_fevo922539; korean_stream_macroinvertebrate_v1_2; douda_2024_sinanodonta_review,CAND_SINANODONTA_SP_P0_001; CAND_SINANODONTA_SP_FULL_015; CAND_SINANODONTA_SP_FULL_020,RGD-0052; RGD-0066; RGD-0071
Sinanodonta_sp.,life_span_bin__gt_1yr,3,,reviewed_trait_gap_completion,本轮审定缺值检索补值,fu_2022_fevo922539; korean_stream_macroinvertebrate_v1_2; douda_2024_sinanodonta_review,CAND_SINANODONTA_SP_P0_002; CAND_SINANODONTA_SP_FULL_016; CAND_SINANODONTA_SP_FULL_021,RGD-0053; RGD-0067; RGD-0072
Sinanodonta_sp.,voltinism__semivoltine_lt_1_generation_per_year,0,,reviewed_trait_gap_completion,本轮审定缺值检索补值,fu_2022_fevo922539; korean_stream_macroinvertebrate_v1_2,CAND_SINANODONTA_SP_P0_003; CAND_SINANODONTA_SP_FULL_017,RGD-0054; RGD-0068
Sinanodonta_sp.,voltinism__univoltine_1_generation_per_year,,,missing,仍缺失,,,
Sinanodonta_sp.,voltinism__multivoltine_gt_1_generation_per_year,,,missing,仍缺失,,,
Sinanodonta_sp.,fertilization_mode__internal,0,0,previous_merge_run,上一轮合并矩阵已有值,dryad_qrfj6q5nh_v20240304,,
Sinanodonta_sp.,fertilization_mode__external,1,1,previous_merge_run,上一轮合并矩阵已有值,dryad_qrfj6q5nh_v20240304,,
Sinanodonta_sp.,oviposition_mode__egg_mass,0,0,previous_merge_run,上一轮合并矩阵已有值,dryad_qrfj6q5nh_v20240304,,
Sinanodonta_sp.,oviposition_mode__ovoviviparity,0,0,previous_merge_run,上一轮合并矩阵已有值,dryad_qrfj6q5nh_v20240304,,
Sinanodonta_sp.,oviposition_mode__soft_chorion,1,1,previous_merge_run,上一轮合并矩阵已有值,dryad_qrfj6q5nh_v20240304,,
Pseudovivipara_sp.,max_size_coarse__lt_10mm,0,0,previous_merge_run,上一轮合并矩阵已有值,korean_stream_macroinvertebrate_v1_2,,
Pseudovivipara_sp.,max_size_coarse__ge_approx_10mm,1,1,previous_merge_run,上一轮合并矩阵已有值,korean_stream_macroinvertebrate_v1_2,,
Pseudovivipara_sp.,shape_S1_streamlined,0,0,previous_merge_run,上一轮合并矩阵已有值,korean_stream_macroinvertebrate_v1_2,,
Pseudovivipara_sp.,shape_S2_non_streamlined,2,2,previous_merge_run,上一轮合并矩阵已有值,korean_stream_macroinvertebrate_v1_2,,
Pseudovivipara_sp.,armour_AR1_none,0,0,previous_merge_run,上一轮合并矩阵已有值,korean_stream_macroinvertebrate_v1_2,,
Pseudovivipara_sp.,armour_AR2_weak,0,0,previous_merge_run,上一轮合并矩阵已有值,korean_stream_macroinvertebrate_v1_2,,
Pseudovivipara_sp.,armour_AR3_strong,2,2,previous_merge_run,上一轮合并矩阵已有值,korean_stream_macroinvertebrate_v1_2,,
Pseudovivipara_sp.,locomotion__burrower_interstitial,0,0,previous_merge_run,上一轮合并矩阵已有值,korean_stream_macroinvertebrate_v1_2,,
Pseudovivipara_sp.,locomotion__crawler_climber_sprawler,1,1,previous_merge_run,上一轮合并矩阵已有值,korean_stream_macroinvertebrate_v1_2,,
Pseudovivipara_sp.,locomotion__clinger,0,0,previous_merge_run,上一轮合并矩阵已有值,korean_stream_macroinvertebrate_v1_2,,
Pseudovivipara_sp.,locomotion__mobile_swimmer_planktonic_skater_flier,0,0,previous_merge_run,上一轮合并矩阵已有值,korean_stream_macroinvertebrate_v1_2,,
Pseudovivipara_sp.,feeding_group__collector_gatherer,0,0,previous_merge_run,上一轮合并矩阵已有值,korean_stream_macroinvertebrate_v1_2,,
Pseudovivipara_sp.,feeding_group__collector_filterer,0,0,previous_merge_run,上一轮合并矩阵已有值,korean_stream_macroinvertebrate_v1_2,,
Pseudovivipara_sp.,feeding_group__scraper_grazer,1,1,previous_merge_run,上一轮合并矩阵已有值,korean_stream_macroinvertebrate_v1_2,,
Pseudovivipara_sp.,feeding_group__shredder,0,0,previous_merge_run,上一轮合并矩阵已有值,korean_stream_macroinvertebrate_v1_2,,
Pseudovivipara_sp.,feeding_group__predator_piercer,0,0,previous_merge_run,上一轮合并矩阵已有值,korean_stream_macroinvertebrate_v1_2,,
Pseudovivipara_sp.,feeding_group__parasite,0,0,previous_merge_run,上一轮合并矩阵已有值,korean_stream_macroinvertebrate_v1_2,,
Pseudovivipara_sp.,respiration__integument,0,0,previous_merge_run,上一轮合并矩阵已有值,korean_stream_macroinvertebrate_v1_2,,
Pseudovivipara_sp.,respiration__gill,0,0,previous_merge_run,上一轮合并矩阵已有值,korean_stream_macroinvertebrate_v1_2,,
Pseudovivipara_sp.,respiration__aerial_any,1,1,previous_merge_run,上一轮合并矩阵已有值,korean_stream_macroinvertebrate_v1_2,,
Pseudovivipara_sp.,dispersal_mode__aquatic_passive,1,1,previous_merge_run,上一轮合并矩阵已有值,dryad_qrfj6q5nh_v20240304,,
Pseudovivipara_sp.,dispersal_mode__terrestrial_passive,0,0,previous_merge_run,上一轮合并矩阵已有值,dryad_qrfj6q5nh_v20240304,,
Pseudovivipara_sp.,dispersal_mode__terrestrial_active,0,0,previous_merge_run,上一轮合并矩阵已有值,dryad_qrfj6q5nh_v20240304,,
Pseudovivipara_sp.,aquatic_stage__egg_larva_aquatic,2,2,previous_merge_run,上一轮合并矩阵已有值,korean_stream_macroinvertebrate_v1_2,,
Pseudovivipara_sp.,aquatic_stage__fully_aquatic,2,2,previous_merge_run,上一轮合并矩阵已有值,korean_stream_macroinvertebrate_v1_2,,
Pseudovivipara_sp.,sexual_maturity_duration__short,0,0,previous_merge_run,上一轮合并矩阵已有值,dryad_qrfj6q5nh_v20240304,,
Pseudovivipara_sp.,sexual_maturity_duration__long,1,1,previous_merge_run,上一轮合并矩阵已有值,dryad_qrfj6q5nh_v20240304,,
Pseudovivipara_sp.,life_span_bin__le_1yr,0,0,previous_merge_run,上一轮合并矩阵已有值,korean_stream_macroinvertebrate_v1_2,,
Pseudovivipara_sp.,life_span_bin__gt_1yr,2,2,previous_merge_run,上一轮合并矩阵已有值,korean_stream_macroinvertebrate_v1_2,,
Pseudovivipara_sp.,voltinism__semivoltine_lt_1_generation_per_year,0,0,previous_merge_run,上一轮合并矩阵已有值,korean_stream_macroinvertebrate_v1_2,,
Pseudovivipara_sp.,voltinism__univoltine_1_generation_per_year,0,0,previous_merge_run,上一轮合并矩阵已有值,korean_stream_macroinvertebrate_v1_2,,
Pseudovivipara_sp.,voltinism__multivoltine_gt_1_generation_per_year,2,2,previous_merge_run,上一轮合并矩阵已有值,korean_stream_macroinvertebrate_v1_2,,
Pseudovivipara_sp.,fertilization_mode__internal,1,1,previous_merge_run,上一轮合并矩阵已有值,dryad_qrfj6q5nh_v20240304,,
Pseudovivipara_sp.,fertilization_mode__external,0,0,previous_merge_run,上一轮合并矩阵已有值,dryad_qrfj6q5nh_v20240304,,
Pseudovivipara_sp.,oviposition_mode__egg_mass,1,1,previous_merge_run,上一轮合并矩阵已有值,dryad_qrfj6q5nh_v20240304,,
Pseudovivipara_sp.,oviposition_mode__ovoviviparity,0,0,previous_merge_run,上一轮合并矩阵已有值,dryad_qrfj6q5nh_v20240304,,
Pseudovivipara_sp.,oviposition_mode__soft_chorion,0,0,previous_merge_run,上一轮合并矩阵已有值,dryad_qrfj6q5nh_v20240304,,
Glyptotendipes_sp.,max_size_coarse__lt_10mm,1,1,previous_merge_run,上一轮合并矩阵已有值,dryad_qrfj6q5nh_v20240304,,
Glyptotendipes_sp.,max_size_coarse__ge_approx_10mm,0,0,previous_merge_run,上一轮合并矩阵已有值,dryad_qrfj6q5nh_v20240304,,
Glyptotendipes_sp.,shape_S1_streamlined,,,missing,仍缺失,,,
Glyptotendipes_sp.,shape_S2_non_streamlined,,,missing,仍缺失,,,
Glyptotendipes_sp.,armour_AR1_none,,,missing,仍缺失,,,
Glyptotendipes_sp.,armour_AR2_weak,,,missing,仍缺失,,,
Glyptotendipes_sp.,armour_AR3_strong,,,missing,仍缺失,,,
Glyptotendipes_sp.,locomotion__burrower_interstitial,1,1,previous_merge_run,上一轮合并矩阵已有值,dryad_qrfj6q5nh_v20240304,,
Glyptotendipes_sp.,locomotion__crawler_climber_sprawler,0,0,previous_merge_run,上一轮合并矩阵已有值,dryad_qrfj6q5nh_v20240304,,
Glyptotendipes_sp.,locomotion__clinger,0,0,previous_merge_run,上一轮合并矩阵已有值,dryad_qrfj6q5nh_v20240304,,
Glyptotendipes_sp.,locomotion__mobile_swimmer_planktonic_skater_flier,0,0,previous_merge_run,上一轮合并矩阵已有值,dryad_qrfj6q5nh_v20240304,,
Glyptotendipes_sp.,feeding_group__collector_gatherer,1,1,previous_merge_run,上一轮合并矩阵已有值,dryad_qrfj6q5nh_v20240304,,
Glyptotendipes_sp.,feeding_group__collector_filterer,0,0,previous_merge_run,上一轮合并矩阵已有值,dryad_qrfj6q5nh_v20240304,,
Glyptotendipes_sp.,feeding_group__scraper_grazer,0,0,previous_merge_run,上一轮合并矩阵已有值,dryad_qrfj6q5nh_v20240304,,
Glyptotendipes_sp.,feeding_group__shredder,0,0,previous_merge_run,上一轮合并矩阵已有值,dryad_qrfj6q5nh_v20240304,,
Glyptotendipes_sp.,feeding_group__predator_piercer,0,0,previous_merge_run,上一轮合并矩阵已有值,dryad_qrfj6q5nh_v20240304,,
Glyptotendipes_sp.,feeding_group__parasite,0,,reviewed_trait_gap_completion,本轮审定缺值检索补值,fu_2022_fevo922539,CAND_GLYPTO_SMOKE_006,RGD-0018
Glyptotendipes_sp.,respiration__integument,0,0,previous_merge_run,上一轮合并矩阵已有值,dryad_qrfj6q5nh_v20240304,,
Glyptotendipes_sp.,respiration__gill,1,1,previous_merge_run,上一轮合并矩阵已有值,dryad_qrfj6q5nh_v20240304,,
Glyptotendipes_sp.,respiration__aerial_any,0,0,previous_merge_run,上一轮合并矩阵已有值,dryad_qrfj6q5nh_v20240304,,
Glyptotendipes_sp.,dispersal_mode__aquatic_passive,0,0,previous_merge_run,上一轮合并矩阵已有值,dryad_qrfj6q5nh_v20240304,,
Glyptotendipes_sp.,dispersal_mode__terrestrial_passive,1,1,previous_merge_run,上一轮合并矩阵已有值,dryad_qrfj6q5nh_v20240304,,
Glyptotendipes_sp.,dispersal_mode__terrestrial_active,0,0,previous_merge_run,上一轮合并矩阵已有值,dryad_qrfj6q5nh_v20240304,,
Glyptotendipes_sp.,aquatic_stage__egg_larva_aquatic,3,,reviewed_trait_gap_completion,本轮审定缺值检索补值,baek_2014_en14052,CAND_GLYPTO_SMOKE_007,RGD-0019
Glyptotendipes_sp.,aquatic_stage__fully_aquatic,0,,reviewed_trait_gap_completion,本轮审定缺值检索补值,baek_2014_en14052,CAND_GLYPTO_SMOKE_008,RGD-0020
Glyptotendipes_sp.,sexual_maturity_duration__short,1,1,previous_merge_run,上一轮合并矩阵已有值,dryad_qrfj6q5nh_v20240304,,
Glyptotendipes_sp.,sexual_maturity_duration__long,0,0,previous_merge_run,上一轮合并矩阵已有值,dryad_qrfj6q5nh_v20240304,,
Glyptotendipes_sp.,life_span_bin__le_1yr,3,,reviewed_trait_gap_completion,本轮审定缺值检索补值,fu_2022_fevo922539; baek_2014_en14052,CAND_GLYPTO_SMOKE_001; CAND_GLYPTO_SMOKE_009,RGD-0013; RGD-0021
Glyptotendipes_sp.,life_span_bin__gt_1yr,0,,reviewed_trait_gap_completion,本轮审定缺值检索补值,fu_2022_fevo922539; baek_2014_en14052,CAND_GLYPTO_SMOKE_002; CAND_GLYPTO_SMOKE_010,RGD-0014; RGD-0022
Glyptotendipes_sp.,voltinism__semivoltine_lt_1_generation_per_year,0,,reviewed_trait_gap_completion,本轮审定缺值检索补值,fu_2022_fevo922539,CAND_GLYPTO_SMOKE_003,RGD-0015
Glyptotendipes_sp.,voltinism__univoltine_1_generation_per_year,0,,reviewed_trait_gap_completion,本轮审定缺值检索补值,fu_2022_fevo922539,CAND_GLYPTO_SMOKE_004,RGD-0016
Glyptotendipes_sp.,voltinism__multivoltine_gt_1_generation_per_year,3,,reviewed_trait_gap_completion,本轮审定缺值检索补值,fu_2022_fevo922539,CAND_GLYPTO_SMOKE_005,RGD-0017
Glyptotendipes_sp.,fertilization_mode__internal,1,1,previous_merge_run,上一轮合并矩阵已有值,dryad_qrfj6q5nh_v20240304,,
Glyptotendipes_sp.,fertilization_mode__external,0,0,previous_merge_run,上一轮合并矩阵已有值,dryad_qrfj6q5nh_v20240304,,
Glyptotendipes_sp.,oviposition_mode__egg_mass,1,1,previous_merge_run,上一轮合并矩阵已有值,dryad_qrfj6q5nh_v20240304,,
Glyptotendipes_sp.,oviposition_mode__ovoviviparity,0,0,previous_merge_run,上一轮合并矩阵已有值,dryad_qrfj6q5nh_v20240304,,
Glyptotendipes_sp.,oviposition_mode__soft_chorion,0,0,previous_merge_run,上一轮合并矩阵已有值,dryad_qrfj6q5nh_v20240304,,
Lamprotula_sp.,max_size_coarse__lt_10mm,0,0,previous_merge_run,上一轮合并矩阵已有值,dryad_qrfj6q5nh_v20240304,,
Lamprotula_sp.,max_size_coarse__ge_approx_10mm,1,1,previous_merge_run,上一轮合并矩阵已有值,dryad_qrfj6q5nh_v20240304,,
Lamprotula_sp.,shape_S1_streamlined,0,0,previous_merge_run,上一轮合并矩阵已有值,korean_stream_macroinvertebrate_v1_2,,
Lamprotula_sp.,shape_S2_non_streamlined,1,1,previous_merge_run,上一轮合并矩阵已有值,korean_stream_macroinvertebrate_v1_2,,
Lamprotula_sp.,armour_AR1_none,0,0,previous_merge_run,上一轮合并矩阵已有值,korean_stream_macroinvertebrate_v1_2,,
Lamprotula_sp.,armour_AR2_weak,0,0,previous_merge_run,上一轮合并矩阵已有值,korean_stream_macroinvertebrate_v1_2,,
Lamprotula_sp.,armour_AR3_strong,1,1,previous_merge_run,上一轮合并矩阵已有值,korean_stream_macroinvertebrate_v1_2,,
Lamprotula_sp.,locomotion__burrower_interstitial,1,1,previous_merge_run,上一轮合并矩阵已有值,dryad_qrfj6q5nh_v20240304,,
Lamprotula_sp.,locomotion__crawler_climber_sprawler,0,0,previous_merge_run,上一轮合并矩阵已有值,dryad_qrfj6q5nh_v20240304,,
Lamprotula_sp.,locomotion__clinger,0,0,previous_merge_run,上一轮合并矩阵已有值,dryad_qrfj6q5nh_v20240304,,
Lamprotula_sp.,locomotion__mobile_swimmer_planktonic_skater_flier,0,0,previous_merge_run,上一轮合并矩阵已有值,dryad_qrfj6q5nh_v20240304,,
Lamprotula_sp.,feeding_group__collector_gatherer,0,0,previous_merge_run,上一轮合并矩阵已有值,dryad_qrfj6q5nh_v20240304,,
Lamprotula_sp.,feeding_group__collector_filterer,1,1,previous_merge_run,上一轮合并矩阵已有值,dryad_qrfj6q5nh_v20240304,,
Lamprotula_sp.,feeding_group__scraper_grazer,0,0,previous_merge_run,上一轮合并矩阵已有值,dryad_qrfj6q5nh_v20240304,,
Lamprotula_sp.,feeding_group__shredder,0,0,previous_merge_run,上一轮合并矩阵已有值,dryad_qrfj6q5nh_v20240304,,
Lamprotula_sp.,feeding_group__predator_piercer,0,0,previous_merge_run,上一轮合并矩阵已有值,dryad_qrfj6q5nh_v20240304,,
Lamprotula_sp.,feeding_group__parasite,0,0,previous_merge_run,上一轮合并矩阵已有值,korean_stream_macroinvertebrate_v1_2,,
Lamprotula_sp.,respiration__integument,0,0,previous_merge_run,上一轮合并矩阵已有值,dryad_qrfj6q5nh_v20240304,,
Lamprotula_sp.,respiration__gill,1,1,previous_merge_run,上一轮合并矩阵已有值,dryad_qrfj6q5nh_v20240304,,
Lamprotula_sp.,respiration__aerial_any,0,0,previous_merge_run,上一轮合并矩阵已有值,dryad_qrfj6q5nh_v20240304,,
Lamprotula_sp.,dispersal_mode__aquatic_passive,1,1,previous_merge_run,上一轮合并矩阵已有值,dryad_qrfj6q5nh_v20240304,,
Lamprotula_sp.,dispersal_mode__terrestrial_passive,0,0,previous_merge_run,上一轮合并矩阵已有值,dryad_qrfj6q5nh_v20240304,,
Lamprotula_sp.,dispersal_mode__terrestrial_active,0,0,previous_merge_run,上一轮合并矩阵已有值,dryad_qrfj6q5nh_v20240304,,
Lamprotula_sp.,aquatic_stage__egg_larva_aquatic,1,1,previous_merge_run,上一轮合并矩阵已有值,korean_stream_macroinvertebrate_v1_2,,
Lamprotula_sp.,aquatic_stage__fully_aquatic,1,1,previous_merge_run,上一轮合并矩阵已有值,korean_stream_macroinvertebrate_v1_2,,
Lamprotula_sp.,sexual_maturity_duration__short,0,0,previous_merge_run,上一轮合并矩阵已有值,dryad_qrfj6q5nh_v20240304,,
Lamprotula_sp.,sexual_maturity_duration__long,1,1,previous_merge_run,上一轮合并矩阵已有值,dryad_qrfj6q5nh_v20240304,,
Lamprotula_sp.,life_span_bin__le_1yr,0,0,previous_merge_run,上一轮合并矩阵已有值,korean_stream_macroinvertebrate_v1_2,,
Lamprotula_sp.,life_span_bin__gt_1yr,3,3,previous_merge_run,上一轮合并矩阵已有值,korean_stream_macroinvertebrate_v1_2,,
Lamprotula_sp.,voltinism__semivoltine_lt_1_generation_per_year,0,0,previous_merge_run,上一轮合并矩阵已有值,korean_stream_macroinvertebrate_v1_2,,
Lamprotula_sp.,voltinism__univoltine_1_generation_per_year,2,2,previous_merge_run,上一轮合并矩阵已有值,korean_stream_macroinvertebrate_v1_2,,
Lamprotula_sp.,voltinism__multivoltine_gt_1_generation_per_year,1,1,previous_merge_run,上一轮合并矩阵已有值,korean_stream_macroinvertebrate_v1_2,,
Lamprotula_sp.,fertilization_mode__internal,0,0,previous_merge_run,上一轮合并矩阵已有值,dryad_qrfj6q5nh_v20240304,,
Lamprotula_sp.,fertilization_mode__external,1,1,previous_merge_run,上一轮合并矩阵已有值,dryad_qrfj6q5nh_v20240304,,
Lamprotula_sp.,oviposition_mode__egg_mass,0,0,previous_merge_run,上一轮合并矩阵已有值,dryad_qrfj6q5nh_v20240304,,
Lamprotula_sp.,oviposition_mode__ovoviviparity,0,0,previous_merge_run,上一轮合并矩阵已有值,dryad_qrfj6q5nh_v20240304,,
Lamprotula_sp.,oviposition_mode__soft_chorion,1,1,previous_merge_run,上一轮合并矩阵已有值,dryad_qrfj6q5nh_v20240304,,
Rivularia_sp.,max_size_coarse__lt_10mm,0,0,previous_merge_run,上一轮合并矩阵已有值,eol_traitbank_4pages,,FRD-0062
Rivularia_sp.,max_size_coarse__ge_approx_10mm,1,1,previous_merge_run,上一轮合并矩阵已有值,eol_traitbank_4pages,,FRD-0061
Rivularia_sp.,shape_S1_streamlined,,,missing,仍缺失,,,
Rivularia_sp.,shape_S2_non_streamlined,,,missing,仍缺失,,,
Rivularia_sp.,armour_AR1_none,0,0,previous_merge_run,上一轮合并矩阵已有值,eol_traitbank_4pages,,FRD-0054
Rivularia_sp.,armour_AR2_weak,0,0,previous_merge_run,上一轮合并矩阵已有值,eol_traitbank_4pages,,FRD-0055
Rivularia_sp.,armour_AR3_strong,3,3,previous_merge_run,上一轮合并矩阵已有值,eol_traitbank_4pages,,FRD-0056
Rivularia_sp.,locomotion__burrower_interstitial,0,0,previous_merge_run,上一轮合并矩阵已有值,eol_traitbank_4pages,,FRD-0057
Rivularia_sp.,locomotion__crawler_climber_sprawler,1,1,previous_merge_run,上一轮合并矩阵已有值,eol_traitbank_4pages,,FRD-0059
Rivularia_sp.,locomotion__clinger,0,0,previous_merge_run,上一轮合并矩阵已有值,eol_traitbank_4pages,,FRD-0058
Rivularia_sp.,locomotion__mobile_swimmer_planktonic_skater_flier,0,0,previous_merge_run,上一轮合并矩阵已有值,eol_traitbank_4pages,,FRD-0060
Rivularia_sp.,feeding_group__collector_gatherer,,,missing,仍缺失,,,
Rivularia_sp.,feeding_group__collector_filterer,,,missing,仍缺失,,,
Rivularia_sp.,feeding_group__scraper_grazer,,,missing,仍缺失,,,
Rivularia_sp.,feeding_group__shredder,,,missing,仍缺失,,,
Rivularia_sp.,feeding_group__predator_piercer,,,missing,仍缺失,,,
Rivularia_sp.,feeding_group__parasite,,,missing,仍缺失,,,
Rivularia_sp.,respiration__integument,,,missing,仍缺失,,,
Rivularia_sp.,respiration__gill,,,missing,仍缺失,,,
Rivularia_sp.,respiration__aerial_any,,,missing,仍缺失,,,
Rivularia_sp.,dispersal_mode__aquatic_passive,,,missing,仍缺失,,,
Rivularia_sp.,dispersal_mode__terrestrial_passive,,,missing,仍缺失,,,
Rivularia_sp.,dispersal_mode__terrestrial_active,,,missing,仍缺失,,,
Rivularia_sp.,aquatic_stage__egg_larva_aquatic,,,missing,仍缺失,,,
Rivularia_sp.,aquatic_stage__fully_aquatic,,,missing,仍缺失,,,
Rivularia_sp.,sexual_maturity_duration__short,,,missing,仍缺失,,,
Rivularia_sp.,sexual_maturity_duration__long,,,missing,仍缺失,,,
Rivularia_sp.,life_span_bin__le_1yr,,,missing,仍缺失,,,
Rivularia_sp.,life_span_bin__gt_1yr,,,missing,仍缺失,,,
Rivularia_sp.,voltinism__semivoltine_lt_1_generation_per_year,,,missing,仍缺失,,,
Rivularia_sp.,voltinism__univoltine_1_generation_per_year,,,missing,仍缺失,,,
Rivularia_sp.,voltinism__multivoltine_gt_1_generation_per_year,,,missing,仍缺失,,,
Rivularia_sp.,fertilization_mode__internal,,,missing,仍缺失,,,
Rivularia_sp.,fertilization_mode__external,,,missing,仍缺失,,,
Rivularia_sp.,oviposition_mode__egg_mass,,,missing,仍缺失,,,
Rivularia_sp.,oviposition_mode__ovoviviparity,,,missing,仍缺失,,,
Rivularia_sp.,oviposition_mode__soft_chorion,,,missing,仍缺失,,,
Dicrotendipes_sp.,max_size_coarse__lt_10mm,1,1,previous_merge_run,上一轮合并矩阵已有值,dryad_qrfj6q5nh_v20240304,,
Dicrotendipes_sp.,max_size_coarse__ge_approx_10mm,0,0,previous_merge_run,上一轮合并矩阵已有值,dryad_qrfj6q5nh_v20240304,,
Dicrotendipes_sp.,shape_S1_streamlined,,,missing,仍缺失,,,
Dicrotendipes_sp.,shape_S2_non_streamlined,,,missing,仍缺失,,,
Dicrotendipes_sp.,armour_AR1_none,,,missing,仍缺失,,,
Dicrotendipes_sp.,armour_AR2_weak,,,missing,仍缺失,,,
Dicrotendipes_sp.,armour_AR3_strong,,,missing,仍缺失,,,
Dicrotendipes_sp.,locomotion__burrower_interstitial,1,1,previous_merge_run,上一轮合并矩阵已有值,dryad_qrfj6q5nh_v20240304,,
Dicrotendipes_sp.,locomotion__crawler_climber_sprawler,0,0,previous_merge_run,上一轮合并矩阵已有值,dryad_qrfj6q5nh_v20240304,,
Dicrotendipes_sp.,locomotion__clinger,0,0,previous_merge_run,上一轮合并矩阵已有值,dryad_qrfj6q5nh_v20240304,,
Dicrotendipes_sp.,locomotion__mobile_swimmer_planktonic_skater_flier,0,0,previous_merge_run,上一轮合并矩阵已有值,dryad_qrfj6q5nh_v20240304,,
Dicrotendipes_sp.,feeding_group__collector_gatherer,1,1,previous_merge_run,上一轮合并矩阵已有值,dryad_qrfj6q5nh_v20240304,,
Dicrotendipes_sp.,feeding_group__collector_filterer,0,0,previous_merge_run,上一轮合并矩阵已有值,dryad_qrfj6q5nh_v20240304,,
Dicrotendipes_sp.,feeding_group__scraper_grazer,0,0,previous_merge_run,上一轮合并矩阵已有值,dryad_qrfj6q5nh_v20240304,,
Dicrotendipes_sp.,feeding_group__shredder,0,0,previous_merge_run,上一轮合并矩阵已有值,dryad_qrfj6q5nh_v20240304,,
Dicrotendipes_sp.,feeding_group__predator_piercer,0,0,previous_merge_run,上一轮合并矩阵已有值,dryad_qrfj6q5nh_v20240304,,
Dicrotendipes_sp.,feeding_group__parasite,0,,reviewed_trait_gap_completion,本轮审定缺值检索补值,eol_dicrotendipes_genus_20260512,CAND_DICROTENDIPES_SP_FULL_004,RGD-0012
Dicrotendipes_sp.,respiration__integument,0,0,previous_merge_run,上一轮合并矩阵已有值,dryad_qrfj6q5nh_v20240304,,
Dicrotendipes_sp.,respiration__gill,1,1,previous_merge_run,上一轮合并矩阵已有值,dryad_qrfj6q5nh_v20240304,,
Dicrotendipes_sp.,respiration__aerial_any,0,0,previous_merge_run,上一轮合并矩阵已有值,dryad_qrfj6q5nh_v20240304,,
Dicrotendipes_sp.,dispersal_mode__aquatic_passive,0,0,previous_merge_run,上一轮合并矩阵已有值,dryad_qrfj6q5nh_v20240304,,
Dicrotendipes_sp.,dispersal_mode__terrestrial_passive,1,1,previous_merge_run,上一轮合并矩阵已有值,dryad_qrfj6q5nh_v20240304,,
Dicrotendipes_sp.,dispersal_mode__terrestrial_active,0,0,previous_merge_run,上一轮合并矩阵已有值,dryad_qrfj6q5nh_v20240304,,
Dicrotendipes_sp.,aquatic_stage__egg_larva_aquatic,,,missing,仍缺失,,,
Dicrotendipes_sp.,aquatic_stage__fully_aquatic,,,missing,仍缺失,,,
Dicrotendipes_sp.,sexual_maturity_duration__short,1,1,previous_merge_run,上一轮合并矩阵已有值,dryad_qrfj6q5nh_v20240304,,
Dicrotendipes_sp.,sexual_maturity_duration__long,0,0,previous_merge_run,上一轮合并矩阵已有值,dryad_qrfj6q5nh_v20240304,,
Dicrotendipes_sp.,life_span_bin__le_1yr,,,missing,仍缺失,,,
Dicrotendipes_sp.,life_span_bin__gt_1yr,,,missing,仍缺失,,,
Dicrotendipes_sp.,voltinism__semivoltine_lt_1_generation_per_year,0,,reviewed_trait_gap_completion,本轮审定缺值检索补值,epa_me_nc_traitstable_20100927,CAND_DICROTENDIPES_SP_FULL_001,RGD-0009
Dicrotendipes_sp.,voltinism__univoltine_1_generation_per_year,0,,reviewed_trait_gap_completion,本轮审定缺值检索补值,epa_me_nc_traitstable_20100927,CAND_DICROTENDIPES_SP_FULL_002,RGD-0010
Dicrotendipes_sp.,voltinism__multivoltine_gt_1_generation_per_year,3,,reviewed_trait_gap_completion,本轮审定缺值检索补值,epa_me_nc_traitstable_20100927,CAND_DICROTENDIPES_SP_FULL_003,RGD-0011
Dicrotendipes_sp.,fertilization_mode__internal,1,1,previous_merge_run,上一轮合并矩阵已有值,dryad_qrfj6q5nh_v20240304,,
Dicrotendipes_sp.,fertilization_mode__external,0,0,previous_merge_run,上一轮合并矩阵已有值,dryad_qrfj6q5nh_v20240304,,
Dicrotendipes_sp.,oviposition_mode__egg_mass,1,1,previous_merge_run,上一轮合并矩阵已有值,dryad_qrfj6q5nh_v20240304,,
Dicrotendipes_sp.,oviposition_mode__ovoviviparity,0,0,previous_merge_run,上一轮合并矩阵已有值,dryad_qrfj6q5nh_v20240304,,
Dicrotendipes_sp.,oviposition_mode__soft_chorion,0,0,previous_merge_run,上一轮合并矩阵已有值,dryad_qrfj6q5nh_v20240304,,
Semisulcospira_sp.,max_size_coarse__lt_10mm,0,0,previous_merge_run,上一轮合并矩阵已有值,korean_stream_macroinvertebrate_v1_2,,
Semisulcospira_sp.,max_size_coarse__ge_approx_10mm,1,1,previous_merge_run,上一轮合并矩阵已有值,korean_stream_macroinvertebrate_v1_2,,
Semisulcospira_sp.,shape_S1_streamlined,0,0,previous_merge_run,上一轮合并矩阵已有值,korean_stream_macroinvertebrate_v1_2,,
Semisulcospira_sp.,shape_S2_non_streamlined,2,2,previous_merge_run,上一轮合并矩阵已有值,korean_stream_macroinvertebrate_v1_2,,
Semisulcospira_sp.,armour_AR1_none,0,0,previous_merge_run,上一轮合并矩阵已有值,korean_stream_macroinvertebrate_v1_2,,
Semisulcospira_sp.,armour_AR2_weak,0,0,previous_merge_run,上一轮合并矩阵已有值,korean_stream_macroinvertebrate_v1_2,,
Semisulcospira_sp.,armour_AR3_strong,2,2,previous_merge_run,上一轮合并矩阵已有值,korean_stream_macroinvertebrate_v1_2,,
Semisulcospira_sp.,locomotion__burrower_interstitial,0,0,previous_merge_run,上一轮合并矩阵已有值,korean_stream_macroinvertebrate_v1_2,,
Semisulcospira_sp.,locomotion__crawler_climber_sprawler,1,1,previous_merge_run,上一轮合并矩阵已有值,korean_stream_macroinvertebrate_v1_2,,
Semisulcospira_sp.,locomotion__clinger,0,0,previous_merge_run,上一轮合并矩阵已有值,korean_stream_macroinvertebrate_v1_2,,
Semisulcospira_sp.,locomotion__mobile_swimmer_planktonic_skater_flier,0,0,previous_merge_run,上一轮合并矩阵已有值,korean_stream_macroinvertebrate_v1_2,,
Semisulcospira_sp.,feeding_group__collector_gatherer,0,0,previous_merge_run,上一轮合并矩阵已有值,korean_stream_macroinvertebrate_v1_2,,
Semisulcospira_sp.,feeding_group__collector_filterer,0,0,previous_merge_run,上一轮合并矩阵已有值,korean_stream_macroinvertebrate_v1_2,,
Semisulcospira_sp.,feeding_group__scraper_grazer,1,1,previous_merge_run,上一轮合并矩阵已有值,korean_stream_macroinvertebrate_v1_2,,
Semisulcospira_sp.,feeding_group__shredder,0,0,previous_merge_run,上一轮合并矩阵已有值,korean_stream_macroinvertebrate_v1_2,,
Semisulcospira_sp.,feeding_group__predator_piercer,0,0,previous_merge_run,上一轮合并矩阵已有值,korean_stream_macroinvertebrate_v1_2,,
Semisulcospira_sp.,feeding_group__parasite,0,0,previous_merge_run,上一轮合并矩阵已有值,korean_stream_macroinvertebrate_v1_2,,
Semisulcospira_sp.,respiration__integument,0,0,previous_merge_run,上一轮合并矩阵已有值,korean_stream_macroinvertebrate_v1_2,,
Semisulcospira_sp.,respiration__gill,0,0,previous_merge_run,上一轮合并矩阵已有值,korean_stream_macroinvertebrate_v1_2,,
Semisulcospira_sp.,respiration__aerial_any,1,1,previous_merge_run,上一轮合并矩阵已有值,korean_stream_macroinvertebrate_v1_2,,
Semisulcospira_sp.,dispersal_mode__aquatic_passive,1,1,previous_merge_run,上一轮合并矩阵已有值,dryad_qrfj6q5nh_v20240304,,
Semisulcospira_sp.,dispersal_mode__terrestrial_passive,0,0,previous_merge_run,上一轮合并矩阵已有值,dryad_qrfj6q5nh_v20240304,,
Semisulcospira_sp.,dispersal_mode__terrestrial_active,0,0,previous_merge_run,上一轮合并矩阵已有值,dryad_qrfj6q5nh_v20240304,,
Semisulcospira_sp.,aquatic_stage__egg_larva_aquatic,2,2,previous_merge_run,上一轮合并矩阵已有值,korean_stream_macroinvertebrate_v1_2,,
Semisulcospira_sp.,aquatic_stage__fully_aquatic,2,2,previous_merge_run,上一轮合并矩阵已有值,korean_stream_macroinvertebrate_v1_2,,
Semisulcospira_sp.,sexual_maturity_duration__short,0,0,previous_merge_run,上一轮合并矩阵已有值,dryad_qrfj6q5nh_v20240304,,
Semisulcospira_sp.,sexual_maturity_duration__long,1,1,previous_merge_run,上一轮合并矩阵已有值,dryad_qrfj6q5nh_v20240304,,
Semisulcospira_sp.,life_span_bin__le_1yr,0,0,previous_merge_run,上一轮合并矩阵已有值,korean_stream_macroinvertebrate_v1_2,,
Semisulcospira_sp.,life_span_bin__gt_1yr,3,3,previous_merge_run,上一轮合并矩阵已有值,korean_stream_macroinvertebrate_v1_2,,
Semisulcospira_sp.,voltinism__semivoltine_lt_1_generation_per_year,0,0,previous_merge_run,上一轮合并矩阵已有值,korean_stream_macroinvertebrate_v1_2,,
Semisulcospira_sp.,voltinism__univoltine_1_generation_per_year,0,0,previous_merge_run,上一轮合并矩阵已有值,korean_stream_macroinvertebrate_v1_2,,
Semisulcospira_sp.,voltinism__multivoltine_gt_1_generation_per_year,2,2,previous_merge_run,上一轮合并矩阵已有值,korean_stream_macroinvertebrate_v1_2,,
Semisulcospira_sp.,fertilization_mode__internal,1,1,previous_merge_run,上一轮合并矩阵已有值,dryad_qrfj6q5nh_v20240304,,
Semisulcospira_sp.,fertilization_mode__external,0,0,previous_merge_run,上一轮合并矩阵已有值,dryad_qrfj6q5nh_v20240304,,
Semisulcospira_sp.,oviposition_mode__egg_mass,1,1,previous_merge_run,上一轮合并矩阵已有值,dryad_qrfj6q5nh_v20240304,,
Semisulcospira_sp.,oviposition_mode__ovoviviparity,0,0,previous_merge_run,上一轮合并矩阵已有值,dryad_qrfj6q5nh_v20240304,,
Semisulcospira_sp.,oviposition_mode__soft_chorion,0,0,previous_merge_run,上一轮合并矩阵已有值,dryad_qrfj6q5nh_v20240304,,
Sinotaia_sp.,max_size_coarse__lt_10mm,0,0,previous_merge_run,上一轮合并矩阵已有值,korean_stream_macroinvertebrate_v1_2,,
Sinotaia_sp.,max_size_coarse__ge_approx_10mm,1,1,previous_merge_run,上一轮合并矩阵已有值,korean_stream_macroinvertebrate_v1_2,,
Sinotaia_sp.,shape_S1_streamlined,0,0,previous_merge_run,上一轮合并矩阵已有值,korean_stream_macroinvertebrate_v1_2,,
Sinotaia_sp.,shape_S2_non_streamlined,2,2,previous_merge_run,上一轮合并矩阵已有值,korean_stream_macroinvertebrate_v1_2,,
Sinotaia_sp.,armour_AR1_none,0,0,previous_merge_run,上一轮合并矩阵已有值,korean_stream_macroinvertebrate_v1_2,,
Sinotaia_sp.,armour_AR2_weak,0,0,previous_merge_run,上一轮合并矩阵已有值,korean_stream_macroinvertebrate_v1_2,,
Sinotaia_sp.,armour_AR3_strong,2,2,previous_merge_run,上一轮合并矩阵已有值,korean_stream_macroinvertebrate_v1_2,,
Sinotaia_sp.,locomotion__burrower_interstitial,1,1,previous_merge_run,上一轮合并矩阵已有值,korean_stream_macroinvertebrate_v1_2,,
Sinotaia_sp.,locomotion__crawler_climber_sprawler,0,0,previous_merge_run,上一轮合并矩阵已有值,korean_stream_macroinvertebrate_v1_2,,
Sinotaia_sp.,locomotion__clinger,1,1,previous_merge_run,上一轮合并矩阵已有值,korean_stream_macroinvertebrate_v1_2,,
Sinotaia_sp.,locomotion__mobile_swimmer_planktonic_skater_flier,0,0,previous_merge_run,上一轮合并矩阵已有值,korean_stream_macroinvertebrate_v1_2,,
Sinotaia_sp.,feeding_group__collector_gatherer,0,0,previous_merge_run,上一轮合并矩阵已有值,korean_stream_macroinvertebrate_v1_2,,
Sinotaia_sp.,feeding_group__collector_filterer,0,0,previous_merge_run,上一轮合并矩阵已有值,korean_stream_macroinvertebrate_v1_2,,
Sinotaia_sp.,feeding_group__scraper_grazer,1,1,previous_merge_run,上一轮合并矩阵已有值,korean_stream_macroinvertebrate_v1_2,,
Sinotaia_sp.,feeding_group__shredder,0,0,previous_merge_run,上一轮合并矩阵已有值,korean_stream_macroinvertebrate_v1_2,,
Sinotaia_sp.,feeding_group__predator_piercer,0,0,previous_merge_run,上一轮合并矩阵已有值,korean_stream_macroinvertebrate_v1_2,,
Sinotaia_sp.,feeding_group__parasite,0,0,previous_merge_run,上一轮合并矩阵已有值,korean_stream_macroinvertebrate_v1_2,,
Sinotaia_sp.,respiration__integument,1,1,previous_merge_run,上一轮合并矩阵已有值,korean_stream_macroinvertebrate_v1_2,,
Sinotaia_sp.,respiration__gill,1,1,previous_merge_run,上一轮合并矩阵已有值,korean_stream_macroinvertebrate_v1_2,,
Sinotaia_sp.,respiration__aerial_any,0,0,previous_merge_run,上一轮合并矩阵已有值,korean_stream_macroinvertebrate_v1_2,,
Sinotaia_sp.,dispersal_mode__aquatic_passive,1,1,previous_merge_run,上一轮合并矩阵已有值,dryad_qrfj6q5nh_v20240304,,
Sinotaia_sp.,dispersal_mode__terrestrial_passive,0,0,previous_merge_run,上一轮合并矩阵已有值,dryad_qrfj6q5nh_v20240304,,
Sinotaia_sp.,dispersal_mode__terrestrial_active,0,0,previous_merge_run,上一轮合并矩阵已有值,dryad_qrfj6q5nh_v20240304,,
Sinotaia_sp.,aquatic_stage__egg_larva_aquatic,2,2,previous_merge_run,上一轮合并矩阵已有值,korean_stream_macroinvertebrate_v1_2,,
Sinotaia_sp.,aquatic_stage__fully_aquatic,2,2,previous_merge_run,上一轮合并矩阵已有值,korean_stream_macroinvertebrate_v1_2,,
Sinotaia_sp.,sexual_maturity_duration__short,0,0,previous_merge_run,上一轮合并矩阵已有值,dryad_qrfj6q5nh_v20240304,,
Sinotaia_sp.,sexual_maturity_duration__long,1,1,previous_merge_run,上一轮合并矩阵已有值,dryad_qrfj6q5nh_v20240304,,
Sinotaia_sp.,life_span_bin__le_1yr,0,0,previous_merge_run,上一轮合并矩阵已有值,korean_stream_macroinvertebrate_v1_2,,
Sinotaia_sp.,life_span_bin__gt_1yr,1,1,previous_merge_run,上一轮合并矩阵已有值,korean_stream_macroinvertebrate_v1_2,,
Sinotaia_sp.,voltinism__semivoltine_lt_1_generation_per_year,0,0,previous_merge_run,上一轮合并矩阵已有值,korean_stream_macroinvertebrate_v1_2,,
Sinotaia_sp.,voltinism__univoltine_1_generation_per_year,0,0,previous_merge_run,上一轮合并矩阵已有值,korean_stream_macroinvertebrate_v1_2,,
Sinotaia_sp.,voltinism__multivoltine_gt_1_generation_per_year,2,2,previous_merge_run,上一轮合并矩阵已有值,korean_stream_macroinvertebrate_v1_2,,
Sinotaia_sp.,fertilization_mode__internal,1,1,previous_merge_run,上一轮合并矩阵已有值,dryad_qrfj6q5nh_v20240304,,
Sinotaia_sp.,fertilization_mode__external,0,0,previous_merge_run,上一轮合并矩阵已有值,dryad_qrfj6q5nh_v20240304,,
Sinotaia_sp.,oviposition_mode__egg_mass,0,0,previous_merge_run,上一轮合并矩阵已有值,dryad_qrfj6q5nh_v20240304,,
Sinotaia_sp.,oviposition_mode__ovoviviparity,1,1,previous_merge_run,上一轮合并矩阵已有值,dryad_qrfj6q5nh_v20240304,,
Sinotaia_sp.,oviposition_mode__soft_chorion,0,0,previous_merge_run,上一轮合并矩阵已有值,dryad_qrfj6q5nh_v20240304,,
Benthalia_sp.,max_size_coarse__lt_10mm,0,0,previous_merge_run,上一轮合并矩阵已有值,benthalia_genus_serra2016,,FRD-0006
Benthalia_sp.,max_size_coarse__ge_approx_10mm,1,1,previous_merge_run,上一轮合并矩阵已有值,benthalia_genus_serra2016,,FRD-0005
Benthalia_sp.,shape_S1_streamlined,,,missing,仍缺失,,,
Benthalia_sp.,shape_S2_non_streamlined,,,missing,仍缺失,,,
Benthalia_sp.,armour_AR1_none,,,missing,仍缺失,,,
Benthalia_sp.,armour_AR2_weak,,,missing,仍缺失,,,
Benthalia_sp.,armour_AR3_strong,,,missing,仍缺失,,,
Benthalia_sp.,locomotion__burrower_interstitial,,,missing,仍缺失,,,
Benthalia_sp.,locomotion__crawler_climber_sprawler,,,missing,仍缺失,,,
Benthalia_sp.,locomotion__clinger,,,missing,仍缺失,,,
Benthalia_sp.,locomotion__mobile_swimmer_planktonic_skater_flier,,,missing,仍缺失,,,
Benthalia_sp.,feeding_group__collector_gatherer,,,missing,仍缺失,,,
Benthalia_sp.,feeding_group__collector_filterer,,,missing,仍缺失,,,
Benthalia_sp.,feeding_group__scraper_grazer,1,1,previous_merge_run,上一轮合并矩阵已有值,benthalia_genus_serra2016,,FRD-0003
Benthalia_sp.,feeding_group__shredder,1,1,previous_merge_run,上一轮合并矩阵已有值,benthalia_genus_serra2016,,FRD-0004
Benthalia_sp.,feeding_group__predator_piercer,,,missing,仍缺失,,,
Benthalia_sp.,feeding_group__parasite,,,missing,仍缺失,,,
Benthalia_sp.,respiration__integument,,,missing,仍缺失,,,
Benthalia_sp.,respiration__gill,,,missing,仍缺失,,,
Benthalia_sp.,respiration__aerial_any,,,missing,仍缺失,,,
Benthalia_sp.,dispersal_mode__aquatic_passive,,,missing,仍缺失,,,
Benthalia_sp.,dispersal_mode__terrestrial_passive,,,missing,仍缺失,,,
Benthalia_sp.,dispersal_mode__terrestrial_active,,,missing,仍缺失,,,
Benthalia_sp.,aquatic_stage__egg_larva_aquatic,3,3,previous_merge_run,上一轮合并矩阵已有值,benthalia_genus_serra2016,,FRD-0001
Benthalia_sp.,aquatic_stage__fully_aquatic,0,0,previous_merge_run,上一轮合并矩阵已有值,benthalia_genus_serra2016,,FRD-0002
Benthalia_sp.,sexual_maturity_duration__short,,,missing,仍缺失,,,
Benthalia_sp.,sexual_maturity_duration__long,,,missing,仍缺失,,,
Benthalia_sp.,life_span_bin__le_1yr,,,missing,仍缺失,,,
Benthalia_sp.,life_span_bin__gt_1yr,,,missing,仍缺失,,,
Benthalia_sp.,voltinism__semivoltine_lt_1_generation_per_year,,,missing,仍缺失,,,
Benthalia_sp.,voltinism__univoltine_1_generation_per_year,3,3,previous_merge_run,上一轮合并矩阵已有值,benthalia_genus_serra2016,,FRD-0009
Benthalia_sp.,voltinism__multivoltine_gt_1_generation_per_year,3,3,previous_merge_run,上一轮合并矩阵已有值,benthalia_genus_serra2016,,FRD-0008
Benthalia_sp.,fertilization_mode__internal,,,missing,仍缺失,,,
Benthalia_sp.,fertilization_mode__external,,,missing,仍缺失,,,
Benthalia_sp.,oviposition_mode__egg_mass,1,1,previous_merge_run,上一轮合并矩阵已有值,benthalia_genus_serra2016,,FRD-0007
Benthalia_sp.,oviposition_mode__ovoviviparity,,,missing,仍缺失,,,
Benthalia_sp.,oviposition_mode__soft_chorion,,,missing,仍缺失,,,
Pomacea_sp.,max_size_coarse__lt_10mm,0,0,previous_merge_run,上一轮合并矩阵已有值,korean_stream_macroinvertebrate_v1_2,,
Pomacea_sp.,max_size_coarse__ge_approx_10mm,1,1,previous_merge_run,上一轮合并矩阵已有值,korean_stream_macroinvertebrate_v1_2,,
Pomacea_sp.,shape_S1_streamlined,0,0,previous_merge_run,上一轮合并矩阵已有值,korean_stream_macroinvertebrate_v1_2,,
Pomacea_sp.,shape_S2_non_streamlined,2,2,previous_merge_run,上一轮合并矩阵已有值,korean_stream_macroinvertebrate_v1_2,,
Pomacea_sp.,armour_AR1_none,0,0,previous_merge_run,上一轮合并矩阵已有值,korean_stream_macroinvertebrate_v1_2,,
Pomacea_sp.,armour_AR2_weak,0,0,previous_merge_run,上一轮合并矩阵已有值,korean_stream_macroinvertebrate_v1_2,,
Pomacea_sp.,armour_AR3_strong,2,2,previous_merge_run,上一轮合并矩阵已有值,korean_stream_macroinvertebrate_v1_2,,
Pomacea_sp.,locomotion__burrower_interstitial,0,0,previous_merge_run,上一轮合并矩阵已有值,korean_stream_macroinvertebrate_v1_2,,
Pomacea_sp.,locomotion__crawler_climber_sprawler,1,1,previous_merge_run,上一轮合并矩阵已有值,korean_stream_macroinvertebrate_v1_2,,
Pomacea_sp.,locomotion__clinger,1,1,previous_merge_run,上一轮合并矩阵已有值,korean_stream_macroinvertebrate_v1_2,,
Pomacea_sp.,locomotion__mobile_swimmer_planktonic_skater_flier,0,0,previous_merge_run,上一轮合并矩阵已有值,korean_stream_macroinvertebrate_v1_2,,
Pomacea_sp.,feeding_group__collector_gatherer,1,1,previous_merge_run,上一轮合并矩阵已有值,korean_stream_macroinvertebrate_v1_2,,
Pomacea_sp.,feeding_group__collector_filterer,0,0,previous_merge_run,上一轮合并矩阵已有值,korean_stream_macroinvertebrate_v1_2,,
Pomacea_sp.,feeding_group__scraper_grazer,1,1,previous_merge_run,上一轮合并矩阵已有值,korean_stream_macroinvertebrate_v1_2,,
Pomacea_sp.,feeding_group__shredder,0,0,previous_merge_run,上一轮合并矩阵已有值,korean_stream_macroinvertebrate_v1_2,,
Pomacea_sp.,feeding_group__predator_piercer,0,0,previous_merge_run,上一轮合并矩阵已有值,korean_stream_macroinvertebrate_v1_2,,
Pomacea_sp.,feeding_group__parasite,0,0,previous_merge_run,上一轮合并矩阵已有值,korean_stream_macroinvertebrate_v1_2,,
Pomacea_sp.,respiration__integument,0,0,previous_merge_run,上一轮合并矩阵已有值,korean_stream_macroinvertebrate_v1_2,,
Pomacea_sp.,respiration__gill,1,1,previous_merge_run,上一轮合并矩阵已有值,korean_stream_macroinvertebrate_v1_2,,
Pomacea_sp.,respiration__aerial_any,1,1,previous_merge_run,上一轮合并矩阵已有值,korean_stream_macroinvertebrate_v1_2,,
Pomacea_sp.,dispersal_mode__aquatic_passive,,,missing,仍缺失,,,
Pomacea_sp.,dispersal_mode__terrestrial_passive,,,missing,仍缺失,,,
Pomacea_sp.,dispersal_mode__terrestrial_active,,,missing,仍缺失,,,
Pomacea_sp.,aquatic_stage__egg_larva_aquatic,2,2,previous_merge_run,上一轮合并矩阵已有值,korean_stream_macroinvertebrate_v1_2,,
Pomacea_sp.,aquatic_stage__fully_aquatic,1,1,previous_merge_run,上一轮合并矩阵已有值,korean_stream_macroinvertebrate_v1_2,,
Pomacea_sp.,sexual_maturity_duration__short,,,missing,仍缺失,,,
Pomacea_sp.,sexual_maturity_duration__long,,,missing,仍缺失,,,
Pomacea_sp.,life_span_bin__le_1yr,0,0,previous_merge_run,上一轮合并矩阵已有值,korean_stream_macroinvertebrate_v1_2,,
Pomacea_sp.,life_span_bin__gt_1yr,2,2,previous_merge_run,上一轮合并矩阵已有值,korean_stream_macroinvertebrate_v1_2,,
Pomacea_sp.,voltinism__semivoltine_lt_1_generation_per_year,0,0,previous_merge_run,上一轮合并矩阵已有值,korean_stream_macroinvertebrate_v1_2,,
Pomacea_sp.,voltinism__univoltine_1_generation_per_year,1,1,previous_merge_run,上一轮合并矩阵已有值,korean_stream_macroinvertebrate_v1_2,,
Pomacea_sp.,voltinism__multivoltine_gt_1_generation_per_year,1,1,previous_merge_run,上一轮合并矩阵已有值,korean_stream_macroinvertebrate_v1_2,,
Pomacea_sp.,fertilization_mode__internal,,,missing,仍缺失,,,
Pomacea_sp.,fertilization_mode__external,,,missing,仍缺失,,,
Pomacea_sp.,oviposition_mode__egg_mass,,,missing,仍缺失,,,
Pomacea_sp.,oviposition_mode__ovoviviparity,,,missing,仍缺失,,,
Pomacea_sp.,oviposition_mode__soft_chorion,,,missing,仍缺失,,,
Corbicula_sp.,max_size_coarse__lt_10mm,0,0,previous_merge_run,上一轮合并矩阵已有值,korean_stream_macroinvertebrate_v1_2,,
Corbicula_sp.,max_size_coarse__ge_approx_10mm,1,1,previous_merge_run,上一轮合并矩阵已有值,korean_stream_macroinvertebrate_v1_2,,
Corbicula_sp.,shape_S1_streamlined,2,2,previous_merge_run,上一轮合并矩阵已有值,korean_stream_macroinvertebrate_v1_2,,
Corbicula_sp.,shape_S2_non_streamlined,1,1,previous_merge_run,上一轮合并矩阵已有值,korean_stream_macroinvertebrate_v1_2,,
Corbicula_sp.,armour_AR1_none,0,0,previous_merge_run,上一轮合并矩阵已有值,korean_stream_macroinvertebrate_v1_2,,
Corbicula_sp.,armour_AR2_weak,0,0,previous_merge_run,上一轮合并矩阵已有值,korean_stream_macroinvertebrate_v1_2,,
Corbicula_sp.,armour_AR3_strong,3,3,previous_merge_run,上一轮合并矩阵已有值,korean_stream_macroinvertebrate_v1_2,,
Corbicula_sp.,locomotion__burrower_interstitial,1,1,previous_merge_run,上一轮合并矩阵已有值,korean_stream_macroinvertebrate_v1_2,,
Corbicula_sp.,locomotion__crawler_climber_sprawler,1,1,previous_merge_run,上一轮合并矩阵已有值,korean_stream_macroinvertebrate_v1_2,,
Corbicula_sp.,locomotion__clinger,1,1,previous_merge_run,上一轮合并矩阵已有值,korean_stream_macroinvertebrate_v1_2,,
Corbicula_sp.,locomotion__mobile_swimmer_planktonic_skater_flier,1,1,previous_merge_run,上一轮合并矩阵已有值,korean_stream_macroinvertebrate_v1_2,,
Corbicula_sp.,feeding_group__collector_gatherer,1,1,previous_merge_run,上一轮合并矩阵已有值,korean_stream_macroinvertebrate_v1_2,,
Corbicula_sp.,feeding_group__collector_filterer,1,1,previous_merge_run,上一轮合并矩阵已有值,korean_stream_macroinvertebrate_v1_2,,
Corbicula_sp.,feeding_group__scraper_grazer,0,0,previous_merge_run,上一轮合并矩阵已有值,korean_stream_macroinvertebrate_v1_2,,
Corbicula_sp.,feeding_group__shredder,0,0,previous_merge_run,上一轮合并矩阵已有值,korean_stream_macroinvertebrate_v1_2,,
Corbicula_sp.,feeding_group__predator_piercer,0,0,previous_merge_run,上一轮合并矩阵已有值,korean_stream_macroinvertebrate_v1_2,,
Corbicula_sp.,feeding_group__parasite,3,3,previous_merge_run,上一轮合并矩阵已有值,korean_stream_macroinvertebrate_v1_2,,
Corbicula_sp.,respiration__integument,1,1,previous_merge_run,上一轮合并矩阵已有值,korean_stream_macroinvertebrate_v1_2,,
Corbicula_sp.,respiration__gill,1,1,previous_merge_run,上一轮合并矩阵已有值,korean_stream_macroinvertebrate_v1_2,,
Corbicula_sp.,respiration__aerial_any,1,1,previous_merge_run,上一轮合并矩阵已有值,korean_stream_macroinvertebrate_v1_2,,
Corbicula_sp.,dispersal_mode__aquatic_passive,,,missing,仍缺失,,,
Corbicula_sp.,dispersal_mode__terrestrial_passive,,,missing,仍缺失,,,
Corbicula_sp.,dispersal_mode__terrestrial_active,,,missing,仍缺失,,,
Corbicula_sp.,aquatic_stage__egg_larva_aquatic,2,2,previous_merge_run,上一轮合并矩阵已有值,korean_stream_macroinvertebrate_v1_2,,
Corbicula_sp.,aquatic_stage__fully_aquatic,2,2,previous_merge_run,上一轮合并矩阵已有值,korean_stream_macroinvertebrate_v1_2,,
Corbicula_sp.,sexual_maturity_duration__short,,,missing,仍缺失,,,
Corbicula_sp.,sexual_maturity_duration__long,,,missing,仍缺失,,,
Corbicula_sp.,life_span_bin__le_1yr,0,0,previous_merge_run,上一轮合并矩阵已有值,korean_stream_macroinvertebrate_v1_2,,
Corbicula_sp.,life_span_bin__gt_1yr,2,2,previous_merge_run,上一轮合并矩阵已有值,korean_stream_macroinvertebrate_v1_2,,
Corbicula_sp.,voltinism__semivoltine_lt_1_generation_per_year,0,0,previous_merge_run,上一轮合并矩阵已有值,korean_stream_macroinvertebrate_v1_2,,
Corbicula_sp.,voltinism__univoltine_1_generation_per_year,2,2,previous_merge_run,上一轮合并矩阵已有值,korean_stream_macroinvertebrate_v1_2,,
Corbicula_sp.,voltinism__multivoltine_gt_1_generation_per_year,3,3,previous_merge_run,上一轮合并矩阵已有值,korean_stream_macroinvertebrate_v1_2,,
Corbicula_sp.,fertilization_mode__internal,,,missing,仍缺失,,,
Corbicula_sp.,fertilization_mode__external,,,missing,仍缺失,,,
Corbicula_sp.,oviposition_mode__egg_mass,,,missing,仍缺失,,,
Corbicula_sp.,oviposition_mode__ovoviviparity,,,missing,仍缺失,,,
Corbicula_sp.,oviposition_mode__soft_chorion,,,missing,仍缺失,,,
Limnoperna_sp.,max_size_coarse__lt_10mm,0,0,previous_merge_run,上一轮合并矩阵已有值,korean_stream_macroinvertebrate_v1_2,,
Limnoperna_sp.,max_size_coarse__ge_approx_10mm,1,1,previous_merge_run,上一轮合并矩阵已有值,korean_stream_macroinvertebrate_v1_2,,
Limnoperna_sp.,shape_S1_streamlined,0,0,previous_merge_run,上一轮合并矩阵已有值,korean_stream_macroinvertebrate_v1_2,,
Limnoperna_sp.,shape_S2_non_streamlined,2,2,previous_merge_run,上一轮合并矩阵已有值,korean_stream_macroinvertebrate_v1_2,,
Limnoperna_sp.,armour_AR1_none,0,0,previous_merge_run,上一轮合并矩阵已有值,korean_stream_macroinvertebrate_v1_2,,
Limnoperna_sp.,armour_AR2_weak,0,0,previous_merge_run,上一轮合并矩阵已有值,korean_stream_macroinvertebrate_v1_2,,
Limnoperna_sp.,armour_AR3_strong,2,2,previous_merge_run,上一轮合并矩阵已有值,korean_stream_macroinvertebrate_v1_2,,
Limnoperna_sp.,locomotion__burrower_interstitial,1,1,previous_merge_run,上一轮合并矩阵已有值,korean_stream_macroinvertebrate_v1_2,,
Limnoperna_sp.,locomotion__crawler_climber_sprawler,0,0,previous_merge_run,上一轮合并矩阵已有值,korean_stream_macroinvertebrate_v1_2,,
Limnoperna_sp.,locomotion__clinger,0,0,previous_merge_run,上一轮合并矩阵已有值,korean_stream_macroinvertebrate_v1_2,,
Limnoperna_sp.,locomotion__mobile_swimmer_planktonic_skater_flier,0,0,previous_merge_run,上一轮合并矩阵已有值,korean_stream_macroinvertebrate_v1_2,,
Limnoperna_sp.,feeding_group__collector_gatherer,0,0,previous_merge_run,上一轮合并矩阵已有值,korean_stream_macroinvertebrate_v1_2,,
Limnoperna_sp.,feeding_group__collector_filterer,1,1,previous_merge_run,上一轮合并矩阵已有值,korean_stream_macroinvertebrate_v1_2,,
Limnoperna_sp.,feeding_group__scraper_grazer,0,0,previous_merge_run,上一轮合并矩阵已有值,korean_stream_macroinvertebrate_v1_2,,
Limnoperna_sp.,feeding_group__shredder,0,0,previous_merge_run,上一轮合并矩阵已有值,korean_stream_macroinvertebrate_v1_2,,
Limnoperna_sp.,feeding_group__predator_piercer,0,0,previous_merge_run,上一轮合并矩阵已有值,korean_stream_macroinvertebrate_v1_2,,
Limnoperna_sp.,feeding_group__parasite,0,0,previous_merge_run,上一轮合并矩阵已有值,korean_stream_macroinvertebrate_v1_2,,
Limnoperna_sp.,respiration__integument,0,0,previous_merge_run,上一轮合并矩阵已有值,korean_stream_macroinvertebrate_v1_2,,
Limnoperna_sp.,respiration__gill,0,0,previous_merge_run,上一轮合并矩阵已有值,korean_stream_macroinvertebrate_v1_2,,
Limnoperna_sp.,respiration__aerial_any,1,1,previous_merge_run,上一轮合并矩阵已有值,korean_stream_macroinvertebrate_v1_2,,
Limnoperna_sp.,dispersal_mode__aquatic_passive,1,1,previous_merge_run,上一轮合并矩阵已有值,dryad_qrfj6q5nh_v20240304,,
Limnoperna_sp.,dispersal_mode__terrestrial_passive,0,0,previous_merge_run,上一轮合并矩阵已有值,dryad_qrfj6q5nh_v20240304,,
Limnoperna_sp.,dispersal_mode__terrestrial_active,0,0,previous_merge_run,上一轮合并矩阵已有值,dryad_qrfj6q5nh_v20240304,,
Limnoperna_sp.,aquatic_stage__egg_larva_aquatic,2,2,previous_merge_run,上一轮合并矩阵已有值,korean_stream_macroinvertebrate_v1_2,,
Limnoperna_sp.,aquatic_stage__fully_aquatic,2,2,previous_merge_run,上一轮合并矩阵已有值,korean_stream_macroinvertebrate_v1_2,,
Limnoperna_sp.,sexual_maturity_duration__short,0,0,previous_merge_run,上一轮合并矩阵已有值,dryad_qrfj6q5nh_v20240304,,
Limnoperna_sp.,sexual_maturity_duration__long,1,1,previous_merge_run,上一轮合并矩阵已有值,dryad_qrfj6q5nh_v20240304,,
Limnoperna_sp.,life_span_bin__le_1yr,0,0,previous_merge_run,上一轮合并矩阵已有值,korean_stream_macroinvertebrate_v1_2,,
Limnoperna_sp.,life_span_bin__gt_1yr,3,3,previous_merge_run,上一轮合并矩阵已有值,korean_stream_macroinvertebrate_v1_2,,
Limnoperna_sp.,voltinism__semivoltine_lt_1_generation_per_year,0,0,previous_merge_run,上一轮合并矩阵已有值,korean_stream_macroinvertebrate_v1_2,,
Limnoperna_sp.,voltinism__univoltine_1_generation_per_year,0,0,previous_merge_run,上一轮合并矩阵已有值,korean_stream_macroinvertebrate_v1_2,,
Limnoperna_sp.,voltinism__multivoltine_gt_1_generation_per_year,2,2,previous_merge_run,上一轮合并矩阵已有值,korean_stream_macroinvertebrate_v1_2,,
Limnoperna_sp.,fertilization_mode__internal,0,0,previous_merge_run,上一轮合并矩阵已有值,dryad_qrfj6q5nh_v20240304,,
Limnoperna_sp.,fertilization_mode__external,1,1,previous_merge_run,上一轮合并矩阵已有值,dryad_qrfj6q5nh_v20240304,,
Limnoperna_sp.,oviposition_mode__egg_mass,0,0,previous_merge_run,上一轮合并矩阵已有值,dryad_qrfj6q5nh_v20240304,,
Limnoperna_sp.,oviposition_mode__ovoviviparity,0,0,previous_merge_run,上一轮合并矩阵已有值,dryad_qrfj6q5nh_v20240304,,
Limnoperna_sp.,oviposition_mode__soft_chorion,1,1,previous_merge_run,上一轮合并矩阵已有值,dryad_qrfj6q5nh_v20240304,,
Procladius_sp.,max_size_coarse__lt_10mm,0,0,previous_merge_run,上一轮合并矩阵已有值,dryad_qrfj6q5nh_v20240304,,
Procladius_sp.,max_size_coarse__ge_approx_10mm,1,1,previous_merge_run,上一轮合并矩阵已有值,dryad_qrfj6q5nh_v20240304,,
Procladius_sp.,shape_S1_streamlined,,,missing,仍缺失,,,
Procladius_sp.,shape_S2_non_streamlined,,,missing,仍缺失,,,
Procladius_sp.,armour_AR1_none,,,missing,仍缺失,,,
Procladius_sp.,armour_AR2_weak,,,missing,仍缺失,,,
Procladius_sp.,armour_AR3_strong,,,missing,仍缺失,,,
Procladius_sp.,locomotion__burrower_interstitial,0,0,previous_merge_run,上一轮合并矩阵已有值,dryad_qrfj6q5nh_v20240304,,
Procladius_sp.,locomotion__crawler_climber_sprawler,1,1,previous_merge_run,上一轮合并矩阵已有值,dryad_qrfj6q5nh_v20240304,,
Procladius_sp.,locomotion__clinger,0,0,previous_merge_run,上一轮合并矩阵已有值,dryad_qrfj6q5nh_v20240304,,
Procladius_sp.,locomotion__mobile_swimmer_planktonic_skater_flier,0,0,previous_merge_run,上一轮合并矩阵已有值,dryad_qrfj6q5nh_v20240304,,
Procladius_sp.,feeding_group__collector_gatherer,0,0,previous_merge_run,上一轮合并矩阵已有值,dryad_qrfj6q5nh_v20240304,,
Procladius_sp.,feeding_group__collector_filterer,0,0,previous_merge_run,上一轮合并矩阵已有值,dryad_qrfj6q5nh_v20240304,,
Procladius_sp.,feeding_group__scraper_grazer,0,0,previous_merge_run,上一轮合并矩阵已有值,dryad_qrfj6q5nh_v20240304,,
Procladius_sp.,feeding_group__shredder,0,0,previous_merge_run,上一轮合并矩阵已有值,dryad_qrfj6q5nh_v20240304,,
Procladius_sp.,feeding_group__predator_piercer,1,1,previous_merge_run,上一轮合并矩阵已有值,dryad_qrfj6q5nh_v20240304,,
Procladius_sp.,feeding_group__parasite,0,,reviewed_trait_gap_completion,本轮审定缺值检索补值,fu_2022_fevo922539; eol_procladius_choreus_20260512; galizzi_2012_chironomidae_diet,CAND_PROCLADIUS_SP_P0_006; CAND_PROCLADIUS_SP_FULL_012; CAND_PROCLADIUS_SP_FULL_013,RGD-0044; RGD-0050; RGD-0051
Procladius_sp.,respiration__integument,0,0,previous_merge_run,上一轮合并矩阵已有值,dryad_qrfj6q5nh_v20240304,,
Procladius_sp.,respiration__gill,1,1,previous_merge_run,上一轮合并矩阵已有值,dryad_qrfj6q5nh_v20240304,,
Procladius_sp.,respiration__aerial_any,0,0,previous_merge_run,上一轮合并矩阵已有值,dryad_qrfj6q5nh_v20240304,,
Procladius_sp.,dispersal_mode__aquatic_passive,0,0,previous_merge_run,上一轮合并矩阵已有值,dryad_qrfj6q5nh_v20240304,,
Procladius_sp.,dispersal_mode__terrestrial_passive,1,1,previous_merge_run,上一轮合并矩阵已有值,dryad_qrfj6q5nh_v20240304,,
Procladius_sp.,dispersal_mode__terrestrial_active,0,0,previous_merge_run,上一轮合并矩阵已有值,dryad_qrfj6q5nh_v20240304,,
Procladius_sp.,aquatic_stage__egg_larva_aquatic,,,missing,仍缺失,,,
Procladius_sp.,aquatic_stage__fully_aquatic,,,missing,仍缺失,,,
Procladius_sp.,sexual_maturity_duration__short,1,1,previous_merge_run,上一轮合并矩阵已有值,dryad_qrfj6q5nh_v20240304,,
Procladius_sp.,sexual_maturity_duration__long,0,0,previous_merge_run,上一轮合并矩阵已有值,dryad_qrfj6q5nh_v20240304,,
Procladius_sp.,life_span_bin__le_1yr,3,,reviewed_trait_gap_completion,本轮审定缺值检索补值,fu_2022_fevo922539; specziar_2008_procladius_life_history,CAND_PROCLADIUS_SP_P0_001; CAND_PROCLADIUS_SP_FULL_007,RGD-0039; RGD-0045
Procladius_sp.,life_span_bin__gt_1yr,0,,reviewed_trait_gap_completion,本轮审定缺值检索补值,fu_2022_fevo922539; specziar_2008_procladius_life_history,CAND_PROCLADIUS_SP_P0_002; CAND_PROCLADIUS_SP_FULL_008,RGD-0040; RGD-0046
Procladius_sp.,voltinism__semivoltine_lt_1_generation_per_year,0,,reviewed_trait_gap_completion,本轮审定缺值检索补值,fu_2022_fevo922539; specziar_2008_procladius_life_history,CAND_PROCLADIUS_SP_P0_003; CAND_PROCLADIUS_SP_FULL_009,RGD-0041; RGD-0047
Procladius_sp.,voltinism__univoltine_1_generation_per_year,,,missing,仍缺失,,,
Procladius_sp.,voltinism__multivoltine_gt_1_generation_per_year,,,missing,仍缺失,,,
Procladius_sp.,fertilization_mode__internal,1,1,previous_merge_run,上一轮合并矩阵已有值,dryad_qrfj6q5nh_v20240304,,
Procladius_sp.,fertilization_mode__external,0,0,previous_merge_run,上一轮合并矩阵已有值,dryad_qrfj6q5nh_v20240304,,
Procladius_sp.,oviposition_mode__egg_mass,1,1,previous_merge_run,上一轮合并矩阵已有值,dryad_qrfj6q5nh_v20240304,,
Procladius_sp.,oviposition_mode__ovoviviparity,0,0,previous_merge_run,上一轮合并矩阵已有值,dryad_qrfj6q5nh_v20240304,,
Procladius_sp.,oviposition_mode__soft_chorion,0,0,previous_merge_run,上一轮合并矩阵已有值,dryad_qrfj6q5nh_v20240304,,
Chironomus_sp.,max_size_coarse__lt_10mm,0,0,previous_merge_run,上一轮合并矩阵已有值,dryad_qrfj6q5nh_v20240304,,
Chironomus_sp.,max_size_coarse__ge_approx_10mm,1,1,previous_merge_run,上一轮合并矩阵已有值,dryad_qrfj6q5nh_v20240304,,
Chironomus_sp.,shape_S1_streamlined,,,missing,仍缺失,,,
Chironomus_sp.,shape_S2_non_streamlined,,,missing,仍缺失,,,
Chironomus_sp.,armour_AR1_none,,,missing,仍缺失,,,
Chironomus_sp.,armour_AR2_weak,,,missing,仍缺失,,,
Chironomus_sp.,armour_AR3_strong,,,missing,仍缺失,,,
Chironomus_sp.,locomotion__burrower_interstitial,1,1,previous_merge_run,上一轮合并矩阵已有值,dryad_qrfj6q5nh_v20240304,,
Chironomus_sp.,locomotion__crawler_climber_sprawler,0,0,previous_merge_run,上一轮合并矩阵已有值,dryad_qrfj6q5nh_v20240304,,
Chironomus_sp.,locomotion__clinger,0,0,previous_merge_run,上一轮合并矩阵已有值,dryad_qrfj6q5nh_v20240304,,
Chironomus_sp.,locomotion__mobile_swimmer_planktonic_skater_flier,0,0,previous_merge_run,上一轮合并矩阵已有值,dryad_qrfj6q5nh_v20240304,,
Chironomus_sp.,feeding_group__collector_gatherer,1,1,previous_merge_run,上一轮合并矩阵已有值,dryad_qrfj6q5nh_v20240304,,
Chironomus_sp.,feeding_group__collector_filterer,0,0,previous_merge_run,上一轮合并矩阵已有值,dryad_qrfj6q5nh_v20240304,,
Chironomus_sp.,feeding_group__scraper_grazer,0,0,previous_merge_run,上一轮合并矩阵已有值,dryad_qrfj6q5nh_v20240304,,
Chironomus_sp.,feeding_group__shredder,0,0,previous_merge_run,上一轮合并矩阵已有值,dryad_qrfj6q5nh_v20240304,,
Chironomus_sp.,feeding_group__predator_piercer,0,0,previous_merge_run,上一轮合并矩阵已有值,dryad_qrfj6q5nh_v20240304,,
Chironomus_sp.,feeding_group__parasite,,,missing,仍缺失,,,
Chironomus_sp.,respiration__integument,0,0,previous_merge_run,上一轮合并矩阵已有值,dryad_qrfj6q5nh_v20240304,,
Chironomus_sp.,respiration__gill,1,1,previous_merge_run,上一轮合并矩阵已有值,dryad_qrfj6q5nh_v20240304,,
Chironomus_sp.,respiration__aerial_any,0,0,previous_merge_run,上一轮合并矩阵已有值,dryad_qrfj6q5nh_v20240304,,
Chironomus_sp.,dispersal_mode__aquatic_passive,0,0,previous_merge_run,上一轮合并矩阵已有值,dryad_qrfj6q5nh_v20240304,,
Chironomus_sp.,dispersal_mode__terrestrial_passive,1,1,previous_merge_run,上一轮合并矩阵已有值,dryad_qrfj6q5nh_v20240304,,
Chironomus_sp.,dispersal_mode__terrestrial_active,0,0,previous_merge_run,上一轮合并矩阵已有值,dryad_qrfj6q5nh_v20240304,,
Chironomus_sp.,aquatic_stage__egg_larva_aquatic,,,missing,仍缺失,,,
Chironomus_sp.,aquatic_stage__fully_aquatic,,,missing,仍缺失,,,
Chironomus_sp.,sexual_maturity_duration__short,1,1,previous_merge_run,上一轮合并矩阵已有值,dryad_qrfj6q5nh_v20240304,,
Chironomus_sp.,sexual_maturity_duration__long,0,0,previous_merge_run,上一轮合并矩阵已有值,dryad_qrfj6q5nh_v20240304,,
Chironomus_sp.,life_span_bin__le_1yr,,,missing,仍缺失,,,
Chironomus_sp.,life_span_bin__gt_1yr,,,missing,仍缺失,,,
Chironomus_sp.,voltinism__semivoltine_lt_1_generation_per_year,,,missing,仍缺失,,,
Chironomus_sp.,voltinism__univoltine_1_generation_per_year,,,missing,仍缺失,,,
Chironomus_sp.,voltinism__multivoltine_gt_1_generation_per_year,,,missing,仍缺失,,,
Chironomus_sp.,fertilization_mode__internal,1,1,previous_merge_run,上一轮合并矩阵已有值,dryad_qrfj6q5nh_v20240304,,
Chironomus_sp.,fertilization_mode__external,0,0,previous_merge_run,上一轮合并矩阵已有值,dryad_qrfj6q5nh_v20240304,,
Chironomus_sp.,oviposition_mode__egg_mass,1,1,previous_merge_run,上一轮合并矩阵已有值,dryad_qrfj6q5nh_v20240304,,
Chironomus_sp.,oviposition_mode__ovoviviparity,0,0,previous_merge_run,上一轮合并矩阵已有值,dryad_qrfj6q5nh_v20240304,,
Chironomus_sp.,oviposition_mode__soft_chorion,0,0,previous_merge_run,上一轮合并矩阵已有值,dryad_qrfj6q5nh_v20240304,,
Cryptochironomus_sp.,max_size_coarse__lt_10mm,,,missing,仍缺失,,,
Cryptochironomus_sp.,max_size_coarse__ge_approx_10mm,,,missing,仍缺失,,,
Cryptochironomus_sp.,shape_S1_streamlined,,,missing,仍缺失,,,
Cryptochironomus_sp.,shape_S2_non_streamlined,,,missing,仍缺失,,,
Cryptochironomus_sp.,armour_AR1_none,,,missing,仍缺失,,,
Cryptochironomus_sp.,armour_AR2_weak,,,missing,仍缺失,,,
Cryptochironomus_sp.,armour_AR3_strong,,,missing,仍缺失,,,
Cryptochironomus_sp.,locomotion__burrower_interstitial,0,0,previous_merge_run,上一轮合并矩阵已有值,epa_nc_traitstable,,FRD-0016
Cryptochironomus_sp.,locomotion__crawler_climber_sprawler,1,1,previous_merge_run,上一轮合并矩阵已有值,epa_nc_traitstable,,FRD-0018
Cryptochironomus_sp.,locomotion__clinger,0,0,previous_merge_run,上一轮合并矩阵已有值,epa_nc_traitstable,,FRD-0017
Cryptochironomus_sp.,locomotion__mobile_swimmer_planktonic_skater_flier,0,0,previous_merge_run,上一轮合并矩阵已有值,epa_nc_traitstable,,FRD-0019
Cryptochironomus_sp.,feeding_group__collector_gatherer,0,0,previous_merge_run,上一轮合并矩阵已有值,epa_nc_traitstable,,FRD-0011
Cryptochironomus_sp.,feeding_group__collector_filterer,0,0,previous_merge_run,上一轮合并矩阵已有值,epa_nc_traitstable,,FRD-0010
Cryptochironomus_sp.,feeding_group__scraper_grazer,0,0,previous_merge_run,上一轮合并矩阵已有值,epa_nc_traitstable,,FRD-0014
Cryptochironomus_sp.,feeding_group__shredder,0,0,previous_merge_run,上一轮合并矩阵已有值,epa_nc_traitstable,,FRD-0015
Cryptochironomus_sp.,feeding_group__predator_piercer,1,1,previous_merge_run,上一轮合并矩阵已有值,epa_nc_traitstable,,FRD-0013
Cryptochironomus_sp.,feeding_group__parasite,0,0,previous_merge_run,上一轮合并矩阵已有值,epa_nc_traitstable,,FRD-0012
Cryptochironomus_sp.,respiration__integument,,,missing,仍缺失,,,
Cryptochironomus_sp.,respiration__gill,,,missing,仍缺失,,,
Cryptochironomus_sp.,respiration__aerial_any,,,missing,仍缺失,,,
Cryptochironomus_sp.,dispersal_mode__aquatic_passive,,,missing,仍缺失,,,
Cryptochironomus_sp.,dispersal_mode__terrestrial_passive,,,missing,仍缺失,,,
Cryptochironomus_sp.,dispersal_mode__terrestrial_active,,,missing,仍缺失,,,
Cryptochironomus_sp.,aquatic_stage__egg_larva_aquatic,,,missing,仍缺失,,,
Cryptochironomus_sp.,aquatic_stage__fully_aquatic,,,missing,仍缺失,,,
Cryptochironomus_sp.,sexual_maturity_duration__short,,,missing,仍缺失,,,
Cryptochironomus_sp.,sexual_maturity_duration__long,,,missing,仍缺失,,,
Cryptochironomus_sp.,life_span_bin__le_1yr,,,missing,仍缺失,,,
Cryptochironomus_sp.,life_span_bin__gt_1yr,,,missing,仍缺失,,,
Cryptochironomus_sp.,voltinism__semivoltine_lt_1_generation_per_year,,,missing,仍缺失,,,
Cryptochironomus_sp.,voltinism__univoltine_1_generation_per_year,,,missing,仍缺失,,,
Cryptochironomus_sp.,voltinism__multivoltine_gt_1_generation_per_year,,,missing,仍缺失,,,
Cryptochironomus_sp.,fertilization_mode__internal,,,missing,仍缺失,,,
Cryptochironomus_sp.,fertilization_mode__external,,,missing,仍缺失,,,
Cryptochironomus_sp.,oviposition_mode__egg_mass,,,missing,仍缺失,,,
Cryptochironomus_sp.,oviposition_mode__ovoviviparity,,,missing,仍缺失,,,
Cryptochironomus_sp.,oviposition_mode__soft_chorion,,,missing,仍缺失,,,
Limnodrilus_sp.,max_size_coarse__lt_10mm,0,0,previous_merge_run,上一轮合并矩阵已有值,korean_stream_macroinvertebrate_v1_2,,
Limnodrilus_sp.,max_size_coarse__ge_approx_10mm,1,1,previous_merge_run,上一轮合并矩阵已有值,korean_stream_macroinvertebrate_v1_2,,
Limnodrilus_sp.,shape_S1_streamlined,0,0,previous_merge_run,上一轮合并矩阵已有值,korean_stream_macroinvertebrate_v1_2,,
Limnodrilus_sp.,shape_S2_non_streamlined,2,2,previous_merge_run,上一轮合并矩阵已有值,korean_stream_macroinvertebrate_v1_2,,
Limnodrilus_sp.,armour_AR1_none,2,2,previous_merge_run,上一轮合并矩阵已有值,korean_stream_macroinvertebrate_v1_2,,
Limnodrilus_sp.,armour_AR2_weak,0,0,previous_merge_run,上一轮合并矩阵已有值,korean_stream_macroinvertebrate_v1_2,,
Limnodrilus_sp.,armour_AR3_strong,0,0,previous_merge_run,上一轮合并矩阵已有值,korean_stream_macroinvertebrate_v1_2,,
Limnodrilus_sp.,locomotion__burrower_interstitial,1,1,previous_merge_run,上一轮合并矩阵已有值,korean_stream_macroinvertebrate_v1_2,,
Limnodrilus_sp.,locomotion__crawler_climber_sprawler,0,0,previous_merge_run,上一轮合并矩阵已有值,korean_stream_macroinvertebrate_v1_2,,
Limnodrilus_sp.,locomotion__clinger,1,1,previous_merge_run,上一轮合并矩阵已有值,korean_stream_macroinvertebrate_v1_2,,
Limnodrilus_sp.,locomotion__mobile_swimmer_planktonic_skater_flier,0,0,previous_merge_run,上一轮合并矩阵已有值,korean_stream_macroinvertebrate_v1_2,,
Limnodrilus_sp.,feeding_group__collector_gatherer,1,1,previous_merge_run,上一轮合并矩阵已有值,korean_stream_macroinvertebrate_v1_2,,
Limnodrilus_sp.,feeding_group__collector_filterer,0,0,previous_merge_run,上一轮合并矩阵已有值,korean_stream_macroinvertebrate_v1_2,,
Limnodrilus_sp.,feeding_group__scraper_grazer,1,1,previous_merge_run,上一轮合并矩阵已有值,korean_stream_macroinvertebrate_v1_2,,
Limnodrilus_sp.,feeding_group__shredder,0,0,previous_merge_run,上一轮合并矩阵已有值,korean_stream_macroinvertebrate_v1_2,,
Limnodrilus_sp.,feeding_group__predator_piercer,0,0,previous_merge_run,上一轮合并矩阵已有值,korean_stream_macroinvertebrate_v1_2,,
Limnodrilus_sp.,feeding_group__parasite,0,0,previous_merge_run,上一轮合并矩阵已有值,korean_stream_macroinvertebrate_v1_2,,
Limnodrilus_sp.,respiration__integument,1,1,previous_merge_run,上一轮合并矩阵已有值,korean_stream_macroinvertebrate_v1_2,,
Limnodrilus_sp.,respiration__gill,0,0,previous_merge_run,上一轮合并矩阵已有值,korean_stream_macroinvertebrate_v1_2,,
Limnodrilus_sp.,respiration__aerial_any,0,0,previous_merge_run,上一轮合并矩阵已有值,korean_stream_macroinvertebrate_v1_2,,
Limnodrilus_sp.,dispersal_mode__aquatic_passive,1,1,previous_merge_run,上一轮合并矩阵已有值,dryad_qrfj6q5nh_v20240304,,
Limnodrilus_sp.,dispersal_mode__terrestrial_passive,0,0,previous_merge_run,上一轮合并矩阵已有值,dryad_qrfj6q5nh_v20240304,,
Limnodrilus_sp.,dispersal_mode__terrestrial_active,0,0,previous_merge_run,上一轮合并矩阵已有值,dryad_qrfj6q5nh_v20240304,,
Limnodrilus_sp.,aquatic_stage__egg_larva_aquatic,0,0,previous_merge_run,上一轮合并矩阵已有值,korean_stream_macroinvertebrate_v1_2,,
Limnodrilus_sp.,aquatic_stage__fully_aquatic,2,2,previous_merge_run,上一轮合并矩阵已有值,korean_stream_macroinvertebrate_v1_2,,
Limnodrilus_sp.,sexual_maturity_duration__short,1,1,previous_merge_run,上一轮合并矩阵已有值,dryad_qrfj6q5nh_v20240304,,
Limnodrilus_sp.,sexual_maturity_duration__long,0,0,previous_merge_run,上一轮合并矩阵已有值,dryad_qrfj6q5nh_v20240304,,
Limnodrilus_sp.,life_span_bin__le_1yr,0,0,previous_merge_run,上一轮合并矩阵已有值,korean_stream_macroinvertebrate_v1_2,,
Limnodrilus_sp.,life_span_bin__gt_1yr,2,2,previous_merge_run,上一轮合并矩阵已有值,korean_stream_macroinvertebrate_v1_2,,
Limnodrilus_sp.,voltinism__semivoltine_lt_1_generation_per_year,0,0,previous_merge_run,上一轮合并矩阵已有值,korean_stream_macroinvertebrate_v1_2,,
Limnodrilus_sp.,voltinism__univoltine_1_generation_per_year,0,0,previous_merge_run,上一轮合并矩阵已有值,korean_stream_macroinvertebrate_v1_2,,
Limnodrilus_sp.,voltinism__multivoltine_gt_1_generation_per_year,2,2,previous_merge_run,上一轮合并矩阵已有值,korean_stream_macroinvertebrate_v1_2,,
Limnodrilus_sp.,fertilization_mode__internal,1,1,previous_merge_run,上一轮合并矩阵已有值,dryad_qrfj6q5nh_v20240304,,
Limnodrilus_sp.,fertilization_mode__external,0,0,previous_merge_run,上一轮合并矩阵已有值,dryad_qrfj6q5nh_v20240304,,
Limnodrilus_sp.,oviposition_mode__egg_mass,1,1,previous_merge_run,上一轮合并矩阵已有值,dryad_qrfj6q5nh_v20240304,,
Limnodrilus_sp.,oviposition_mode__ovoviviparity,0,0,previous_merge_run,上一轮合并矩阵已有值,dryad_qrfj6q5nh_v20240304,,
Limnodrilus_sp.,oviposition_mode__soft_chorion,0,0,previous_merge_run,上一轮合并矩阵已有值,dryad_qrfj6q5nh_v20240304,,
Lanceolaria_sp.,max_size_coarse__lt_10mm,0,0,previous_merge_run,上一轮合并矩阵已有值,korean_stream_macroinvertebrate_v1_2,,
Lanceolaria_sp.,max_size_coarse__ge_approx_10mm,1,1,previous_merge_run,上一轮合并矩阵已有值,korean_stream_macroinvertebrate_v1_2,,
Lanceolaria_sp.,shape_S1_streamlined,0,0,previous_merge_run,上一轮合并矩阵已有值,korean_stream_macroinvertebrate_v1_2,,
Lanceolaria_sp.,shape_S2_non_streamlined,1,1,previous_merge_run,上一轮合并矩阵已有值,korean_stream_macroinvertebrate_v1_2,,
Lanceolaria_sp.,armour_AR1_none,0,0,previous_merge_run,上一轮合并矩阵已有值,korean_stream_macroinvertebrate_v1_2,,
Lanceolaria_sp.,armour_AR2_weak,0,0,previous_merge_run,上一轮合并矩阵已有值,korean_stream_macroinvertebrate_v1_2,,
Lanceolaria_sp.,armour_AR3_strong,1,1,previous_merge_run,上一轮合并矩阵已有值,korean_stream_macroinvertebrate_v1_2,,
Lanceolaria_sp.,locomotion__burrower_interstitial,0,0,previous_merge_run,上一轮合并矩阵已有值,korean_stream_macroinvertebrate_v1_2,,
Lanceolaria_sp.,locomotion__crawler_climber_sprawler,0,0,previous_merge_run,上一轮合并矩阵已有值,korean_stream_macroinvertebrate_v1_2,,
Lanceolaria_sp.,locomotion__clinger,1,1,previous_merge_run,上一轮合并矩阵已有值,korean_stream_macroinvertebrate_v1_2,,
Lanceolaria_sp.,locomotion__mobile_swimmer_planktonic_skater_flier,0,0,previous_merge_run,上一轮合并矩阵已有值,korean_stream_macroinvertebrate_v1_2,,
Lanceolaria_sp.,feeding_group__collector_gatherer,0,0,previous_merge_run,上一轮合并矩阵已有值,korean_stream_macroinvertebrate_v1_2,,
Lanceolaria_sp.,feeding_group__collector_filterer,1,1,previous_merge_run,上一轮合并矩阵已有值,korean_stream_macroinvertebrate_v1_2,,
Lanceolaria_sp.,feeding_group__scraper_grazer,0,0,previous_merge_run,上一轮合并矩阵已有值,korean_stream_macroinvertebrate_v1_2,,
Lanceolaria_sp.,feeding_group__shredder,0,0,previous_merge_run,上一轮合并矩阵已有值,korean_stream_macroinvertebrate_v1_2,,
Lanceolaria_sp.,feeding_group__predator_piercer,0,0,previous_merge_run,上一轮合并矩阵已有值,korean_stream_macroinvertebrate_v1_2,,
Lanceolaria_sp.,feeding_group__parasite,0,0,previous_merge_run,上一轮合并矩阵已有值,korean_stream_macroinvertebrate_v1_2,,
Lanceolaria_sp.,respiration__integument,,,missing,仍缺失,,,
Lanceolaria_sp.,respiration__gill,1,1,previous_merge_run,上一轮合并矩阵已有值,korean_stream_macroinvertebrate_v1_2,,
Lanceolaria_sp.,respiration__aerial_any,0,0,previous_merge_run,上一轮合并矩阵已有值,korean_stream_macroinvertebrate_v1_2,,
Lanceolaria_sp.,dispersal_mode__aquatic_passive,1,1,previous_merge_run,上一轮合并矩阵已有值,dryad_qrfj6q5nh_v20240304,,
Lanceolaria_sp.,dispersal_mode__terrestrial_passive,0,0,previous_merge_run,上一轮合并矩阵已有值,dryad_qrfj6q5nh_v20240304,,
Lanceolaria_sp.,dispersal_mode__terrestrial_active,0,0,previous_merge_run,上一轮合并矩阵已有值,dryad_qrfj6q5nh_v20240304,,
Lanceolaria_sp.,aquatic_stage__egg_larva_aquatic,1,1,previous_merge_run,上一轮合并矩阵已有值,korean_stream_macroinvertebrate_v1_2,,
Lanceolaria_sp.,aquatic_stage__fully_aquatic,1,1,previous_merge_run,上一轮合并矩阵已有值,korean_stream_macroinvertebrate_v1_2,,
Lanceolaria_sp.,sexual_maturity_duration__short,0,0,previous_merge_run,上一轮合并矩阵已有值,dryad_qrfj6q5nh_v20240304,,
Lanceolaria_sp.,sexual_maturity_duration__long,1,1,previous_merge_run,上一轮合并矩阵已有值,dryad_qrfj6q5nh_v20240304,,
Lanceolaria_sp.,life_span_bin__le_1yr,0,0,previous_merge_run,上一轮合并矩阵已有值,korean_stream_macroinvertebrate_v1_2,,
Lanceolaria_sp.,life_span_bin__gt_1yr,3,3,previous_merge_run,上一轮合并矩阵已有值,korean_stream_macroinvertebrate_v1_2,,
Lanceolaria_sp.,voltinism__semivoltine_lt_1_generation_per_year,0,0,previous_merge_run,上一轮合并矩阵已有值,korean_stream_macroinvertebrate_v1_2,,
Lanceolaria_sp.,voltinism__univoltine_1_generation_per_year,2,2,previous_merge_run,上一轮合并矩阵已有值,korean_stream_macroinvertebrate_v1_2,,
Lanceolaria_sp.,voltinism__multivoltine_gt_1_generation_per_year,1,1,previous_merge_run,上一轮合并矩阵已有值,korean_stream_macroinvertebrate_v1_2,,
Lanceolaria_sp.,fertilization_mode__internal,0,0,previous_merge_run,上一轮合并矩阵已有值,dryad_qrfj6q5nh_v20240304,,
Lanceolaria_sp.,fertilization_mode__external,1,1,previous_merge_run,上一轮合并矩阵已有值,dryad_qrfj6q5nh_v20240304,,
Lanceolaria_sp.,oviposition_mode__egg_mass,0,0,previous_merge_run,上一轮合并矩阵已有值,dryad_qrfj6q5nh_v20240304,,
Lanceolaria_sp.,oviposition_mode__ovoviviparity,0,0,previous_merge_run,上一轮合并矩阵已有值,dryad_qrfj6q5nh_v20240304,,
Lanceolaria_sp.,oviposition_mode__soft_chorion,1,1,previous_merge_run,上一轮合并矩阵已有值,dryad_qrfj6q5nh_v20240304,,
Whitmania_sp.,max_size_coarse__lt_10mm,0,0,previous_merge_run,上一轮合并矩阵已有值,korean_stream_macroinvertebrate_v1_2,,
Whitmania_sp.,max_size_coarse__ge_approx_10mm,1,1,previous_merge_run,上一轮合并矩阵已有值,korean_stream_macroinvertebrate_v1_2,,
Whitmania_sp.,shape_S1_streamlined,2,2,previous_merge_run,上一轮合并矩阵已有值,korean_stream_macroinvertebrate_v1_2,,
Whitmania_sp.,shape_S2_non_streamlined,0,0,previous_merge_run,上一轮合并矩阵已有值,korean_stream_macroinvertebrate_v1_2,,
Whitmania_sp.,armour_AR1_none,2,2,previous_merge_run,上一轮合并矩阵已有值,korean_stream_macroinvertebrate_v1_2,,
Whitmania_sp.,armour_AR2_weak,0,0,previous_merge_run,上一轮合并矩阵已有值,korean_stream_macroinvertebrate_v1_2,,
Whitmania_sp.,armour_AR3_strong,0,0,previous_merge_run,上一轮合并矩阵已有值,korean_stream_macroinvertebrate_v1_2,,
Whitmania_sp.,locomotion__burrower_interstitial,0,0,previous_merge_run,上一轮合并矩阵已有值,korean_stream_macroinvertebrate_v1_2,,
Whitmania_sp.,locomotion__crawler_climber_sprawler,1,1,previous_merge_run,上一轮合并矩阵已有值,korean_stream_macroinvertebrate_v1_2,,
Whitmania_sp.,locomotion__clinger,0,0,previous_merge_run,上一轮合并矩阵已有值,korean_stream_macroinvertebrate_v1_2,,
Whitmania_sp.,locomotion__mobile_swimmer_planktonic_skater_flier,1,1,previous_merge_run,上一轮合并矩阵已有值,korean_stream_macroinvertebrate_v1_2,,
Whitmania_sp.,feeding_group__collector_gatherer,0,0,previous_merge_run,上一轮合并矩阵已有值,korean_stream_macroinvertebrate_v1_2,,
Whitmania_sp.,feeding_group__collector_filterer,0,0,previous_merge_run,上一轮合并矩阵已有值,korean_stream_macroinvertebrate_v1_2,,
Whitmania_sp.,feeding_group__scraper_grazer,0,0,previous_merge_run,上一轮合并矩阵已有值,korean_stream_macroinvertebrate_v1_2,,
Whitmania_sp.,feeding_group__shredder,0,0,previous_merge_run,上一轮合并矩阵已有值,korean_stream_macroinvertebrate_v1_2,,
Whitmania_sp.,feeding_group__predator_piercer,1,1,previous_merge_run,上一轮合并矩阵已有值,korean_stream_macroinvertebrate_v1_2,,
Whitmania_sp.,feeding_group__parasite,3,3,previous_merge_run,上一轮合并矩阵已有值,korean_stream_macroinvertebrate_v1_2,,
Whitmania_sp.,respiration__integument,,,missing,仍缺失,,,
Whitmania_sp.,respiration__gill,0,0,previous_merge_run,上一轮合并矩阵已有值,korean_stream_macroinvertebrate_v1_2,,
Whitmania_sp.,respiration__aerial_any,0,0,previous_merge_run,上一轮合并矩阵已有值,korean_stream_macroinvertebrate_v1_2,,
Whitmania_sp.,dispersal_mode__aquatic_passive,,,missing,仍缺失,,,
Whitmania_sp.,dispersal_mode__terrestrial_passive,,,missing,仍缺失,,,
Whitmania_sp.,dispersal_mode__terrestrial_active,,,missing,仍缺失,,,
Whitmania_sp.,aquatic_stage__egg_larva_aquatic,2,2,previous_merge_run,上一轮合并矩阵已有值,korean_stream_macroinvertebrate_v1_2,,
Whitmania_sp.,aquatic_stage__fully_aquatic,2,2,previous_merge_run,上一轮合并矩阵已有值,korean_stream_macroinvertebrate_v1_2,,
Whitmania_sp.,sexual_maturity_duration__short,,,missing,仍缺失,,,
Whitmania_sp.,sexual_maturity_duration__long,,,missing,仍缺失,,,
Whitmania_sp.,life_span_bin__le_1yr,0,0,previous_merge_run,上一轮合并矩阵已有值,korean_stream_macroinvertebrate_v1_2,,
Whitmania_sp.,life_span_bin__gt_1yr,2,2,previous_merge_run,上一轮合并矩阵已有值,korean_stream_macroinvertebrate_v1_2,,
Whitmania_sp.,voltinism__semivoltine_lt_1_generation_per_year,0,0,previous_merge_run,上一轮合并矩阵已有值,korean_stream_macroinvertebrate_v1_2,,
Whitmania_sp.,voltinism__univoltine_1_generation_per_year,2,2,previous_merge_run,上一轮合并矩阵已有值,korean_stream_macroinvertebrate_v1_2,,
Whitmania_sp.,voltinism__multivoltine_gt_1_generation_per_year,0,0,previous_merge_run,上一轮合并矩阵已有值,korean_stream_macroinvertebrate_v1_2,,
Whitmania_sp.,fertilization_mode__internal,,,missing,仍缺失,,,
Whitmania_sp.,fertilization_mode__external,,,missing,仍缺失,,,
Whitmania_sp.,oviposition_mode__egg_mass,,,missing,仍缺失,,,
Whitmania_sp.,oviposition_mode__ovoviviparity,,,missing,仍缺失,,,
Whitmania_sp.,oviposition_mode__soft_chorion,,,missing,仍缺失,,,
Cryptotendipes_sp.,max_size_coarse__lt_10mm,,,missing,仍缺失,,,
Cryptotendipes_sp.,max_size_coarse__ge_approx_10mm,,,missing,仍缺失,,,
Cryptotendipes_sp.,shape_S1_streamlined,,,missing,仍缺失,,,
Cryptotendipes_sp.,shape_S2_non_streamlined,,,missing,仍缺失,,,
Cryptotendipes_sp.,armour_AR1_none,,,missing,仍缺失,,,
Cryptotendipes_sp.,armour_AR2_weak,,,missing,仍缺失,,,
Cryptotendipes_sp.,armour_AR3_strong,,,missing,仍缺失,,,
Cryptotendipes_sp.,locomotion__burrower_interstitial,0,0,previous_merge_run,上一轮合并矩阵已有值,epa_nc_traitstable,,FRD-0026
Cryptotendipes_sp.,locomotion__crawler_climber_sprawler,1,1,previous_merge_run,上一轮合并矩阵已有值,epa_nc_traitstable,,FRD-0028
Cryptotendipes_sp.,locomotion__clinger,0,0,previous_merge_run,上一轮合并矩阵已有值,epa_nc_traitstable,,FRD-0027
Cryptotendipes_sp.,locomotion__mobile_swimmer_planktonic_skater_flier,0,0,previous_merge_run,上一轮合并矩阵已有值,epa_nc_traitstable,,FRD-0029
Cryptotendipes_sp.,feeding_group__collector_gatherer,1,1,previous_merge_run,上一轮合并矩阵已有值,epa_nc_traitstable,,FRD-0021
Cryptotendipes_sp.,feeding_group__collector_filterer,0,0,previous_merge_run,上一轮合并矩阵已有值,epa_nc_traitstable,,FRD-0020
Cryptotendipes_sp.,feeding_group__scraper_grazer,0,0,previous_merge_run,上一轮合并矩阵已有值,epa_nc_traitstable,,FRD-0024
Cryptotendipes_sp.,feeding_group__shredder,0,0,previous_merge_run,上一轮合并矩阵已有值,epa_nc_traitstable,,FRD-0025
Cryptotendipes_sp.,feeding_group__predator_piercer,0,0,previous_merge_run,上一轮合并矩阵已有值,epa_nc_traitstable,,FRD-0023
Cryptotendipes_sp.,feeding_group__parasite,0,0,previous_merge_run,上一轮合并矩阵已有值,epa_nc_traitstable,,FRD-0022
Cryptotendipes_sp.,respiration__integument,,,missing,仍缺失,,,
Cryptotendipes_sp.,respiration__gill,,,missing,仍缺失,,,
Cryptotendipes_sp.,respiration__aerial_any,,,missing,仍缺失,,,
Cryptotendipes_sp.,dispersal_mode__aquatic_passive,,,missing,仍缺失,,,
Cryptotendipes_sp.,dispersal_mode__terrestrial_passive,,,missing,仍缺失,,,
Cryptotendipes_sp.,dispersal_mode__terrestrial_active,,,missing,仍缺失,,,
Cryptotendipes_sp.,aquatic_stage__egg_larva_aquatic,,,missing,仍缺失,,,
Cryptotendipes_sp.,aquatic_stage__fully_aquatic,,,missing,仍缺失,,,
Cryptotendipes_sp.,sexual_maturity_duration__short,,,missing,仍缺失,,,
Cryptotendipes_sp.,sexual_maturity_duration__long,,,missing,仍缺失,,,
Cryptotendipes_sp.,life_span_bin__le_1yr,,,missing,仍缺失,,,
Cryptotendipes_sp.,life_span_bin__gt_1yr,,,missing,仍缺失,,,
Cryptotendipes_sp.,voltinism__semivoltine_lt_1_generation_per_year,,,missing,仍缺失,,,
Cryptotendipes_sp.,voltinism__univoltine_1_generation_per_year,,,missing,仍缺失,,,
Cryptotendipes_sp.,voltinism__multivoltine_gt_1_generation_per_year,,,missing,仍缺失,,,
Cryptotendipes_sp.,fertilization_mode__internal,,,missing,仍缺失,,,
Cryptotendipes_sp.,fertilization_mode__external,,,missing,仍缺失,,,
Cryptotendipes_sp.,oviposition_mode__egg_mass,,,missing,仍缺失,,,
Cryptotendipes_sp.,oviposition_mode__ovoviviparity,,,missing,仍缺失,,,
Cryptotendipes_sp.,oviposition_mode__soft_chorion,,,missing,仍缺失,,,
Rheotanytarsus_sp.,max_size_coarse__lt_10mm,1,1,previous_merge_run,上一轮合并矩阵已有值,dryad_qrfj6q5nh_v20240304,,
Rheotanytarsus_sp.,max_size_coarse__ge_approx_10mm,0,0,previous_merge_run,上一轮合并矩阵已有值,dryad_qrfj6q5nh_v20240304,,
Rheotanytarsus_sp.,shape_S1_streamlined,,,missing,仍缺失,,,
Rheotanytarsus_sp.,shape_S2_non_streamlined,,,missing,仍缺失,,,
Rheotanytarsus_sp.,armour_AR1_none,,,missing,仍缺失,,,
Rheotanytarsus_sp.,armour_AR2_weak,,,missing,仍缺失,,,
Rheotanytarsus_sp.,armour_AR3_strong,,,missing,仍缺失,,,
Rheotanytarsus_sp.,locomotion__burrower_interstitial,0,0,previous_merge_run,上一轮合并矩阵已有值,dryad_qrfj6q5nh_v20240304,,
Rheotanytarsus_sp.,locomotion__crawler_climber_sprawler,0,0,previous_merge_run,上一轮合并矩阵已有值,dryad_qrfj6q5nh_v20240304,,
Rheotanytarsus_sp.,locomotion__clinger,1,1,previous_merge_run,上一轮合并矩阵已有值,dryad_qrfj6q5nh_v20240304,,
Rheotanytarsus_sp.,locomotion__mobile_swimmer_planktonic_skater_flier,0,0,previous_merge_run,上一轮合并矩阵已有值,dryad_qrfj6q5nh_v20240304,,
Rheotanytarsus_sp.,feeding_group__collector_gatherer,0,0,previous_merge_run,上一轮合并矩阵已有值,dryad_qrfj6q5nh_v20240304,,
Rheotanytarsus_sp.,feeding_group__collector_filterer,1,1,previous_merge_run,上一轮合并矩阵已有值,dryad_qrfj6q5nh_v20240304,,
Rheotanytarsus_sp.,feeding_group__scraper_grazer,0,0,previous_merge_run,上一轮合并矩阵已有值,dryad_qrfj6q5nh_v20240304,,
Rheotanytarsus_sp.,feeding_group__shredder,0,0,previous_merge_run,上一轮合并矩阵已有值,dryad_qrfj6q5nh_v20240304,,
Rheotanytarsus_sp.,feeding_group__predator_piercer,0,0,previous_merge_run,上一轮合并矩阵已有值,dryad_qrfj6q5nh_v20240304,,
Rheotanytarsus_sp.,feeding_group__parasite,,,missing,仍缺失,,,
Rheotanytarsus_sp.,respiration__integument,0,0,previous_merge_run,上一轮合并矩阵已有值,dryad_qrfj6q5nh_v20240304,,
Rheotanytarsus_sp.,respiration__gill,1,1,previous_merge_run,上一轮合并矩阵已有值,dryad_qrfj6q5nh_v20240304,,
Rheotanytarsus_sp.,respiration__aerial_any,0,0,previous_merge_run,上一轮合并矩阵已有值,dryad_qrfj6q5nh_v20240304,,
Rheotanytarsus_sp.,dispersal_mode__aquatic_passive,0,0,previous_merge_run,上一轮合并矩阵已有值,dryad_qrfj6q5nh_v20240304,,
Rheotanytarsus_sp.,dispersal_mode__terrestrial_passive,1,1,previous_merge_run,上一轮合并矩阵已有值,dryad_qrfj6q5nh_v20240304,,
Rheotanytarsus_sp.,dispersal_mode__terrestrial_active,0,0,previous_merge_run,上一轮合并矩阵已有值,dryad_qrfj6q5nh_v20240304,,
Rheotanytarsus_sp.,aquatic_stage__egg_larva_aquatic,,,missing,仍缺失,,,
Rheotanytarsus_sp.,aquatic_stage__fully_aquatic,,,missing,仍缺失,,,
Rheotanytarsus_sp.,sexual_maturity_duration__short,1,1,previous_merge_run,上一轮合并矩阵已有值,dryad_qrfj6q5nh_v20240304,,
Rheotanytarsus_sp.,sexual_maturity_duration__long,0,0,previous_merge_run,上一轮合并矩阵已有值,dryad_qrfj6q5nh_v20240304,,
Rheotanytarsus_sp.,life_span_bin__le_1yr,,,missing,仍缺失,,,
Rheotanytarsus_sp.,life_span_bin__gt_1yr,,,missing,仍缺失,,,
Rheotanytarsus_sp.,voltinism__semivoltine_lt_1_generation_per_year,,,missing,仍缺失,,,
Rheotanytarsus_sp.,voltinism__univoltine_1_generation_per_year,,,missing,仍缺失,,,
Rheotanytarsus_sp.,voltinism__multivoltine_gt_1_generation_per_year,,,missing,仍缺失,,,
Rheotanytarsus_sp.,fertilization_mode__internal,1,1,previous_merge_run,上一轮合并矩阵已有值,dryad_qrfj6q5nh_v20240304,,
Rheotanytarsus_sp.,fertilization_mode__external,0,0,previous_merge_run,上一轮合并矩阵已有值,dryad_qrfj6q5nh_v20240304,,
Rheotanytarsus_sp.,oviposition_mode__egg_mass,1,1,previous_merge_run,上一轮合并矩阵已有值,dryad_qrfj6q5nh_v20240304,,
Rheotanytarsus_sp.,oviposition_mode__ovoviviparity,0,0,previous_merge_run,上一轮合并矩阵已有值,dryad_qrfj6q5nh_v20240304,,
Rheotanytarsus_sp.,oviposition_mode__soft_chorion,0,0,previous_merge_run,上一轮合并矩阵已有值,dryad_qrfj6q5nh_v20240304,,
Polypedilum_sp.,max_size_coarse__lt_10mm,1,1,previous_merge_run,上一轮合并矩阵已有值,dryad_qrfj6q5nh_v20240304,,
Polypedilum_sp.,max_size_coarse__ge_approx_10mm,0,0,previous_merge_run,上一轮合并矩阵已有值,dryad_qrfj6q5nh_v20240304,,
Polypedilum_sp.,shape_S1_streamlined,,,missing,仍缺失,,,
Polypedilum_sp.,shape_S2_non_streamlined,,,missing,仍缺失,,,
Polypedilum_sp.,armour_AR1_none,,,missing,仍缺失,,,
Polypedilum_sp.,armour_AR2_weak,,,missing,仍缺失,,,
Polypedilum_sp.,armour_AR3_strong,,,missing,仍缺失,,,
Polypedilum_sp.,locomotion__burrower_interstitial,0,0,previous_merge_run,上一轮合并矩阵已有值,dryad_qrfj6q5nh_v20240304,,
Polypedilum_sp.,locomotion__crawler_climber_sprawler,1,1,previous_merge_run,上一轮合并矩阵已有值,dryad_qrfj6q5nh_v20240304,,
Polypedilum_sp.,locomotion__clinger,0,0,previous_merge_run,上一轮合并矩阵已有值,dryad_qrfj6q5nh_v20240304,,
Polypedilum_sp.,locomotion__mobile_swimmer_planktonic_skater_flier,0,0,previous_merge_run,上一轮合并矩阵已有值,dryad_qrfj6q5nh_v20240304,,
Polypedilum_sp.,feeding_group__collector_gatherer,1,1,previous_merge_run,上一轮合并矩阵已有值,dryad_qrfj6q5nh_v20240304,,
Polypedilum_sp.,feeding_group__collector_filterer,0,0,previous_merge_run,上一轮合并矩阵已有值,dryad_qrfj6q5nh_v20240304,,
Polypedilum_sp.,feeding_group__scraper_grazer,0,0,previous_merge_run,上一轮合并矩阵已有值,dryad_qrfj6q5nh_v20240304,,
Polypedilum_sp.,feeding_group__shredder,0,0,previous_merge_run,上一轮合并矩阵已有值,dryad_qrfj6q5nh_v20240304,,
Polypedilum_sp.,feeding_group__predator_piercer,0,0,previous_merge_run,上一轮合并矩阵已有值,dryad_qrfj6q5nh_v20240304,,
Polypedilum_sp.,feeding_group__parasite,0,,reviewed_trait_gap_completion,本轮审定缺值检索补值,fu_2022_fevo922539; eol_polypedilum_scalaenum_20260512; galizzi_2012_chironomidae_diet,CAND_POLYPEDILUM_SP_P0_006; CAND_POLYPEDILUM_SP_FULL_009; CAND_POLYPEDILUM_SP_FULL_010,RGD-0034; RGD-0037; RGD-0038
Polypedilum_sp.,respiration__integument,0,0,previous_merge_run,上一轮合并矩阵已有值,dryad_qrfj6q5nh_v20240304,,
Polypedilum_sp.,respiration__gill,1,1,previous_merge_run,上一轮合并矩阵已有值,dryad_qrfj6q5nh_v20240304,,
Polypedilum_sp.,respiration__aerial_any,0,0,previous_merge_run,上一轮合并矩阵已有值,dryad_qrfj6q5nh_v20240304,,
Polypedilum_sp.,dispersal_mode__aquatic_passive,0,0,previous_merge_run,上一轮合并矩阵已有值,dryad_qrfj6q5nh_v20240304,,
Polypedilum_sp.,dispersal_mode__terrestrial_passive,1,1,previous_merge_run,上一轮合并矩阵已有值,dryad_qrfj6q5nh_v20240304,,
Polypedilum_sp.,dispersal_mode__terrestrial_active,0,0,previous_merge_run,上一轮合并矩阵已有值,dryad_qrfj6q5nh_v20240304,,
Polypedilum_sp.,aquatic_stage__egg_larva_aquatic,3,,reviewed_trait_gap_completion,本轮审定缺值检索补值,tang_2014_polypedilum_masudai_immature,CAND_POLYPEDILUM_SP_FULL_007,RGD-0035
Polypedilum_sp.,aquatic_stage__fully_aquatic,0,,reviewed_trait_gap_completion,本轮审定缺值检索补值,tang_2014_polypedilum_masudai_immature,CAND_POLYPEDILUM_SP_FULL_008,RGD-0036
Polypedilum_sp.,sexual_maturity_duration__short,1,1,previous_merge_run,上一轮合并矩阵已有值,dryad_qrfj6q5nh_v20240304,,
Polypedilum_sp.,sexual_maturity_duration__long,0,0,previous_merge_run,上一轮合并矩阵已有值,dryad_qrfj6q5nh_v20240304,,
Polypedilum_sp.,life_span_bin__le_1yr,3,,reviewed_trait_gap_completion,本轮审定缺值检索补值,fu_2022_fevo922539,CAND_POLYPEDILUM_SP_P0_001,RGD-0029
Polypedilum_sp.,life_span_bin__gt_1yr,0,,reviewed_trait_gap_completion,本轮审定缺值检索补值,fu_2022_fevo922539,CAND_POLYPEDILUM_SP_P0_002,RGD-0030
Polypedilum_sp.,voltinism__semivoltine_lt_1_generation_per_year,0,,reviewed_trait_gap_completion,本轮审定缺值检索补值,fu_2022_fevo922539,CAND_POLYPEDILUM_SP_P0_003,RGD-0031
Polypedilum_sp.,voltinism__univoltine_1_generation_per_year,0,,reviewed_trait_gap_completion,本轮审定缺值检索补值,fu_2022_fevo922539,CAND_POLYPEDILUM_SP_P0_004,RGD-0032
Polypedilum_sp.,voltinism__multivoltine_gt_1_generation_per_year,3,,reviewed_trait_gap_completion,本轮审定缺值检索补值,fu_2022_fevo922539,CAND_POLYPEDILUM_SP_P0_005,RGD-0033
Polypedilum_sp.,fertilization_mode__internal,1,1,previous_merge_run,上一轮合并矩阵已有值,dryad_qrfj6q5nh_v20240304,,
Polypedilum_sp.,fertilization_mode__external,0,0,previous_merge_run,上一轮合并矩阵已有值,dryad_qrfj6q5nh_v20240304,,
Polypedilum_sp.,oviposition_mode__egg_mass,1,1,previous_merge_run,上一轮合并矩阵已有值,dryad_qrfj6q5nh_v20240304,,
Polypedilum_sp.,oviposition_mode__ovoviviparity,0,0,previous_merge_run,上一轮合并矩阵已有值,dryad_qrfj6q5nh_v20240304,,
Polypedilum_sp.,oviposition_mode__soft_chorion,0,0,previous_merge_run,上一轮合并矩阵已有值,dryad_qrfj6q5nh_v20240304,,
Hemiclepsis_sp.,max_size_coarse__lt_10mm,0,0,previous_merge_run,上一轮合并矩阵已有值,dryad_qrfj6q5nh_v20240304,,
Hemiclepsis_sp.,max_size_coarse__ge_approx_10mm,1,1,previous_merge_run,上一轮合并矩阵已有值,dryad_qrfj6q5nh_v20240304,,
Hemiclepsis_sp.,shape_S1_streamlined,2,2,previous_merge_run,上一轮合并矩阵已有值,korean_stream_macroinvertebrate_v1_2,,
Hemiclepsis_sp.,shape_S2_non_streamlined,0,0,previous_merge_run,上一轮合并矩阵已有值,korean_stream_macroinvertebrate_v1_2,,
Hemiclepsis_sp.,armour_AR1_none,2,2,previous_merge_run,上一轮合并矩阵已有值,korean_stream_macroinvertebrate_v1_2,,
Hemiclepsis_sp.,armour_AR2_weak,0,0,previous_merge_run,上一轮合并矩阵已有值,korean_stream_macroinvertebrate_v1_2,,
Hemiclepsis_sp.,armour_AR3_strong,0,0,previous_merge_run,上一轮合并矩阵已有值,korean_stream_macroinvertebrate_v1_2,,
Hemiclepsis_sp.,locomotion__burrower_interstitial,0,0,previous_merge_run,上一轮合并矩阵已有值,dryad_qrfj6q5nh_v20240304,,
Hemiclepsis_sp.,locomotion__crawler_climber_sprawler,0,0,previous_merge_run,上一轮合并矩阵已有值,dryad_qrfj6q5nh_v20240304,,
Hemiclepsis_sp.,locomotion__clinger,1,1,previous_merge_run,上一轮合并矩阵已有值,dryad_qrfj6q5nh_v20240304,,
Hemiclepsis_sp.,locomotion__mobile_swimmer_planktonic_skater_flier,0,0,previous_merge_run,上一轮合并矩阵已有值,dryad_qrfj6q5nh_v20240304,,
Hemiclepsis_sp.,feeding_group__collector_gatherer,0,0,previous_merge_run,上一轮合并矩阵已有值,dryad_qrfj6q5nh_v20240304,,
Hemiclepsis_sp.,feeding_group__collector_filterer,0,0,previous_merge_run,上一轮合并矩阵已有值,dryad_qrfj6q5nh_v20240304,,
Hemiclepsis_sp.,feeding_group__scraper_grazer,0,0,previous_merge_run,上一轮合并矩阵已有值,dryad_qrfj6q5nh_v20240304,,
Hemiclepsis_sp.,feeding_group__shredder,0,0,previous_merge_run,上一轮合并矩阵已有值,dryad_qrfj6q5nh_v20240304,,
Hemiclepsis_sp.,feeding_group__predator_piercer,1,1,previous_merge_run,上一轮合并矩阵已有值,dryad_qrfj6q5nh_v20240304,,
Hemiclepsis_sp.,feeding_group__parasite,2,2,previous_merge_run,上一轮合并矩阵已有值,korean_stream_macroinvertebrate_v1_2,,
Hemiclepsis_sp.,respiration__integument,1,1,previous_merge_run,上一轮合并矩阵已有值,dryad_qrfj6q5nh_v20240304,,
Hemiclepsis_sp.,respiration__gill,0,0,previous_merge_run,上一轮合并矩阵已有值,dryad_qrfj6q5nh_v20240304,,
Hemiclepsis_sp.,respiration__aerial_any,0,0,previous_merge_run,上一轮合并矩阵已有值,dryad_qrfj6q5nh_v20240304,,
Hemiclepsis_sp.,dispersal_mode__aquatic_passive,1,1,previous_merge_run,上一轮合并矩阵已有值,dryad_qrfj6q5nh_v20240304,,
Hemiclepsis_sp.,dispersal_mode__terrestrial_passive,0,0,previous_merge_run,上一轮合并矩阵已有值,dryad_qrfj6q5nh_v20240304,,
Hemiclepsis_sp.,dispersal_mode__terrestrial_active,0,0,previous_merge_run,上一轮合并矩阵已有值,dryad_qrfj6q5nh_v20240304,,
Hemiclepsis_sp.,aquatic_stage__egg_larva_aquatic,2,2,previous_merge_run,上一轮合并矩阵已有值,korean_stream_macroinvertebrate_v1_2,,
Hemiclepsis_sp.,aquatic_stage__fully_aquatic,1,1,previous_merge_run,上一轮合并矩阵已有值,korean_stream_macroinvertebrate_v1_2,,
Hemiclepsis_sp.,sexual_maturity_duration__short,1,1,previous_merge_run,上一轮合并矩阵已有值,dryad_qrfj6q5nh_v20240304,,
Hemiclepsis_sp.,sexual_maturity_duration__long,0,0,previous_merge_run,上一轮合并矩阵已有值,dryad_qrfj6q5nh_v20240304,,
Hemiclepsis_sp.,life_span_bin__le_1yr,0,0,previous_merge_run,上一轮合并矩阵已有值,korean_stream_macroinvertebrate_v1_2,,
Hemiclepsis_sp.,life_span_bin__gt_1yr,0,0,previous_merge_run,上一轮合并矩阵已有值,korean_stream_macroinvertebrate_v1_2,,
Hemiclepsis_sp.,voltinism__semivoltine_lt_1_generation_per_year,0,0,previous_merge_run,上一轮合并矩阵已有值,korean_stream_macroinvertebrate_v1_2,,
Hemiclepsis_sp.,voltinism__univoltine_1_generation_per_year,3,3,previous_merge_run,上一轮合并矩阵已有值,korean_stream_macroinvertebrate_v1_2,,
Hemiclepsis_sp.,voltinism__multivoltine_gt_1_generation_per_year,0,0,previous_merge_run,上一轮合并矩阵已有值,korean_stream_macroinvertebrate_v1_2,,
Hemiclepsis_sp.,fertilization_mode__internal,1,1,previous_merge_run,上一轮合并矩阵已有值,dryad_qrfj6q5nh_v20240304,,
Hemiclepsis_sp.,fertilization_mode__external,0,0,previous_merge_run,上一轮合并矩阵已有值,dryad_qrfj6q5nh_v20240304,,
Hemiclepsis_sp.,oviposition_mode__egg_mass,1,1,previous_merge_run,上一轮合并矩阵已有值,dryad_qrfj6q5nh_v20240304,,
Hemiclepsis_sp.,oviposition_mode__ovoviviparity,0,0,previous_merge_run,上一轮合并矩阵已有值,dryad_qrfj6q5nh_v20240304,,
Hemiclepsis_sp.,oviposition_mode__soft_chorion,0,0,previous_merge_run,上一轮合并矩阵已有值,dryad_qrfj6q5nh_v20240304,,
Macrobrachium_sp.,max_size_coarse__lt_10mm,0,0,previous_merge_run,上一轮合并矩阵已有值,korean_stream_macroinvertebrate_v1_2,,
Macrobrachium_sp.,max_size_coarse__ge_approx_10mm,1,1,previous_merge_run,上一轮合并矩阵已有值,korean_stream_macroinvertebrate_v1_2,,
Macrobrachium_sp.,shape_S1_streamlined,2,2,previous_merge_run,上一轮合并矩阵已有值,korean_stream_macroinvertebrate_v1_2,,
Macrobrachium_sp.,shape_S2_non_streamlined,1,1,previous_merge_run,上一轮合并矩阵已有值,korean_stream_macroinvertebrate_v1_2,,
Macrobrachium_sp.,armour_AR1_none,0,0,previous_merge_run,上一轮合并矩阵已有值,korean_stream_macroinvertebrate_v1_2,,
Macrobrachium_sp.,armour_AR2_weak,2,2,previous_merge_run,上一轮合并矩阵已有值,korean_stream_macroinvertebrate_v1_2,,
Macrobrachium_sp.,armour_AR3_strong,2,2,previous_merge_run,上一轮合并矩阵已有值,korean_stream_macroinvertebrate_v1_2,,
Macrobrachium_sp.,locomotion__burrower_interstitial,0,0,previous_merge_run,上一轮合并矩阵已有值,korean_stream_macroinvertebrate_v1_2,,
Macrobrachium_sp.,locomotion__crawler_climber_sprawler,1,1,previous_merge_run,上一轮合并矩阵已有值,korean_stream_macroinvertebrate_v1_2,,
Macrobrachium_sp.,locomotion__clinger,0,0,previous_merge_run,上一轮合并矩阵已有值,korean_stream_macroinvertebrate_v1_2,,
Macrobrachium_sp.,locomotion__mobile_swimmer_planktonic_skater_flier,1,1,previous_merge_run,上一轮合并矩阵已有值,korean_stream_macroinvertebrate_v1_2,,
Macrobrachium_sp.,feeding_group__collector_gatherer,0,0,previous_merge_run,上一轮合并矩阵已有值,korean_stream_macroinvertebrate_v1_2,,
Macrobrachium_sp.,feeding_group__collector_filterer,0,0,previous_merge_run,上一轮合并矩阵已有值,korean_stream_macroinvertebrate_v1_2,,
Macrobrachium_sp.,feeding_group__scraper_grazer,0,0,previous_merge_run,上一轮合并矩阵已有值,korean_stream_macroinvertebrate_v1_2,,
Macrobrachium_sp.,feeding_group__shredder,1,1,previous_merge_run,上一轮合并矩阵已有值,korean_stream_macroinvertebrate_v1_2,,
Macrobrachium_sp.,feeding_group__predator_piercer,0,0,previous_merge_run,上一轮合并矩阵已有值,korean_stream_macroinvertebrate_v1_2,,
Macrobrachium_sp.,feeding_group__parasite,0,0,previous_merge_run,上一轮合并矩阵已有值,korean_stream_macroinvertebrate_v1_2,,
Macrobrachium_sp.,respiration__integument,0,0,previous_merge_run,上一轮合并矩阵已有值,korean_stream_macroinvertebrate_v1_2,,
Macrobrachium_sp.,respiration__gill,1,1,previous_merge_run,上一轮合并矩阵已有值,korean_stream_macroinvertebrate_v1_2,,
Macrobrachium_sp.,respiration__aerial_any,1,1,previous_merge_run,上一轮合并矩阵已有值,korean_stream_macroinvertebrate_v1_2,,
Macrobrachium_sp.,dispersal_mode__aquatic_passive,,,missing,仍缺失,,,
Macrobrachium_sp.,dispersal_mode__terrestrial_passive,,,missing,仍缺失,,,
Macrobrachium_sp.,dispersal_mode__terrestrial_active,,,missing,仍缺失,,,
Macrobrachium_sp.,aquatic_stage__egg_larva_aquatic,2,2,previous_merge_run,上一轮合并矩阵已有值,korean_stream_macroinvertebrate_v1_2,,
Macrobrachium_sp.,aquatic_stage__fully_aquatic,2,2,previous_merge_run,上一轮合并矩阵已有值,korean_stream_macroinvertebrate_v1_2,,
Macrobrachium_sp.,sexual_maturity_duration__short,,,missing,仍缺失,,,
Macrobrachium_sp.,sexual_maturity_duration__long,,,missing,仍缺失,,,
Macrobrachium_sp.,life_span_bin__le_1yr,0,0,previous_merge_run,上一轮合并矩阵已有值,korean_stream_macroinvertebrate_v1_2,,
Macrobrachium_sp.,life_span_bin__gt_1yr,2,2,previous_merge_run,上一轮合并矩阵已有值,korean_stream_macroinvertebrate_v1_2,,
Macrobrachium_sp.,voltinism__semivoltine_lt_1_generation_per_year,0,0,previous_merge_run,上一轮合并矩阵已有值,korean_stream_macroinvertebrate_v1_2,,
Macrobrachium_sp.,voltinism__univoltine_1_generation_per_year,0,0,previous_merge_run,上一轮合并矩阵已有值,korean_stream_macroinvertebrate_v1_2,,
Macrobrachium_sp.,voltinism__multivoltine_gt_1_generation_per_year,2,2,previous_merge_run,上一轮合并矩阵已有值,korean_stream_macroinvertebrate_v1_2,,
Macrobrachium_sp.,fertilization_mode__internal,,,missing,仍缺失,,,
Macrobrachium_sp.,fertilization_mode__external,,,missing,仍缺失,,,
Macrobrachium_sp.,oviposition_mode__egg_mass,,,missing,仍缺失,,,
Macrobrachium_sp.,oviposition_mode__ovoviviparity,,,missing,仍缺失,,,
Macrobrachium_sp.,oviposition_mode__soft_chorion,,,missing,仍缺失,,,
Microchironomus_sp.,max_size_coarse__lt_10mm,1,1,previous_merge_run,上一轮合并矩阵已有值,dryad_qrfj6q5nh_v20240304,,
Microchironomus_sp.,max_size_coarse__ge_approx_10mm,0,0,previous_merge_run,上一轮合并矩阵已有值,dryad_qrfj6q5nh_v20240304,,
Microchironomus_sp.,shape_S1_streamlined,,,missing,仍缺失,,,
Microchironomus_sp.,shape_S2_non_streamlined,,,missing,仍缺失,,,
Microchironomus_sp.,armour_AR1_none,,,missing,仍缺失,,,
Microchironomus_sp.,armour_AR2_weak,,,missing,仍缺失,,,
Microchironomus_sp.,armour_AR3_strong,,,missing,仍缺失,,,
Microchironomus_sp.,locomotion__burrower_interstitial,0,0,previous_merge_run,上一轮合并矩阵已有值,dryad_qrfj6q5nh_v20240304,,
Microchironomus_sp.,locomotion__crawler_climber_sprawler,1,1,previous_merge_run,上一轮合并矩阵已有值,dryad_qrfj6q5nh_v20240304,,
Microchironomus_sp.,locomotion__clinger,0,0,previous_merge_run,上一轮合并矩阵已有值,dryad_qrfj6q5nh_v20240304,,
Microchironomus_sp.,locomotion__mobile_swimmer_planktonic_skater_flier,0,0,previous_merge_run,上一轮合并矩阵已有值,dryad_qrfj6q5nh_v20240304,,
Microchironomus_sp.,feeding_group__collector_gatherer,1,1,previous_merge_run,上一轮合并矩阵已有值,dryad_qrfj6q5nh_v20240304,,
Microchironomus_sp.,feeding_group__collector_filterer,0,0,previous_merge_run,上一轮合并矩阵已有值,dryad_qrfj6q5nh_v20240304,,
Microchironomus_sp.,feeding_group__scraper_grazer,0,0,previous_merge_run,上一轮合并矩阵已有值,dryad_qrfj6q5nh_v20240304,,
Microchironomus_sp.,feeding_group__shredder,0,0,previous_merge_run,上一轮合并矩阵已有值,dryad_qrfj6q5nh_v20240304,,
Microchironomus_sp.,feeding_group__predator_piercer,0,0,previous_merge_run,上一轮合并矩阵已有值,dryad_qrfj6q5nh_v20240304,,
Microchironomus_sp.,feeding_group__parasite,0,,reviewed_trait_gap_completion,本轮审定缺值检索补值,fu_2022_fevo922539,CAND_MICROCHIRONOMUS_SP_P0_006,RGD-0028
Microchironomus_sp.,respiration__integument,0,0,previous_merge_run,上一轮合并矩阵已有值,dryad_qrfj6q5nh_v20240304,,
Microchironomus_sp.,respiration__gill,1,1,previous_merge_run,上一轮合并矩阵已有值,dryad_qrfj6q5nh_v20240304,,
Microchironomus_sp.,respiration__aerial_any,0,0,previous_merge_run,上一轮合并矩阵已有值,dryad_qrfj6q5nh_v20240304,,
Microchironomus_sp.,dispersal_mode__aquatic_passive,0,0,previous_merge_run,上一轮合并矩阵已有值,dryad_qrfj6q5nh_v20240304,,
Microchironomus_sp.,dispersal_mode__terrestrial_passive,1,1,previous_merge_run,上一轮合并矩阵已有值,dryad_qrfj6q5nh_v20240304,,
Microchironomus_sp.,dispersal_mode__terrestrial_active,0,0,previous_merge_run,上一轮合并矩阵已有值,dryad_qrfj6q5nh_v20240304,,
Microchironomus_sp.,aquatic_stage__egg_larva_aquatic,,,missing,仍缺失,,,
Microchironomus_sp.,aquatic_stage__fully_aquatic,,,missing,仍缺失,,,
Microchironomus_sp.,sexual_maturity_duration__short,1,1,previous_merge_run,上一轮合并矩阵已有值,dryad_qrfj6q5nh_v20240304,,
Microchironomus_sp.,sexual_maturity_duration__long,0,0,previous_merge_run,上一轮合并矩阵已有值,dryad_qrfj6q5nh_v20240304,,
Microchironomus_sp.,life_span_bin__le_1yr,3,,reviewed_trait_gap_completion,本轮审定缺值检索补值,fu_2022_fevo922539,CAND_MICROCHIRONOMUS_SP_P0_001,RGD-0023
Microchironomus_sp.,life_span_bin__gt_1yr,0,,reviewed_trait_gap_completion,本轮审定缺值检索补值,fu_2022_fevo922539,CAND_MICROCHIRONOMUS_SP_P0_002,RGD-0024
Microchironomus_sp.,voltinism__semivoltine_lt_1_generation_per_year,0,,reviewed_trait_gap_completion,本轮审定缺值检索补值,fu_2022_fevo922539,CAND_MICROCHIRONOMUS_SP_P0_003,RGD-0025
Microchironomus_sp.,voltinism__univoltine_1_generation_per_year,0,,reviewed_trait_gap_completion,本轮审定缺值检索补值,fu_2022_fevo922539,CAND_MICROCHIRONOMUS_SP_P0_004,RGD-0026
Microchironomus_sp.,voltinism__multivoltine_gt_1_generation_per_year,3,,reviewed_trait_gap_completion,本轮审定缺值检索补值,fu_2022_fevo922539,CAND_MICROCHIRONOMUS_SP_P0_005,RGD-0027
Microchironomus_sp.,fertilization_mode__internal,1,1,previous_merge_run,上一轮合并矩阵已有值,dryad_qrfj6q5nh_v20240304,,
Microchironomus_sp.,fertilization_mode__external,0,0,previous_merge_run,上一轮合并矩阵已有值,dryad_qrfj6q5nh_v20240304,,
Microchironomus_sp.,oviposition_mode__egg_mass,1,1,previous_merge_run,上一轮合并矩阵已有值,dryad_qrfj6q5nh_v20240304,,
Microchironomus_sp.,oviposition_mode__ovoviviparity,0,0,previous_merge_run,上一轮合并矩阵已有值,dryad_qrfj6q5nh_v20240304,,
Microchironomus_sp.,oviposition_mode__soft_chorion,0,0,previous_merge_run,上一轮合并矩阵已有值,dryad_qrfj6q5nh_v20240304,,
Cricotopus_sp.,max_size_coarse__lt_10mm,1,1,previous_merge_run,上一轮合并矩阵已有值,dryad_qrfj6q5nh_v20240304,,
Cricotopus_sp.,max_size_coarse__ge_approx_10mm,0,0,previous_merge_run,上一轮合并矩阵已有值,dryad_qrfj6q5nh_v20240304,,
Cricotopus_sp.,shape_S1_streamlined,,,missing,仍缺失,,,
Cricotopus_sp.,shape_S2_non_streamlined,,,missing,仍缺失,,,
Cricotopus_sp.,armour_AR1_none,,,missing,仍缺失,,,
Cricotopus_sp.,armour_AR2_weak,,,missing,仍缺失,,,
Cricotopus_sp.,armour_AR3_strong,,,missing,仍缺失,,,
Cricotopus_sp.,locomotion__burrower_interstitial,0,0,previous_merge_run,上一轮合并矩阵已有值,dryad_qrfj6q5nh_v20240304,,
Cricotopus_sp.,locomotion__crawler_climber_sprawler,1,1,previous_merge_run,上一轮合并矩阵已有值,dryad_qrfj6q5nh_v20240304,,
Cricotopus_sp.,locomotion__clinger,0,0,previous_merge_run,上一轮合并矩阵已有值,dryad_qrfj6q5nh_v20240304,,
Cricotopus_sp.,locomotion__mobile_swimmer_planktonic_skater_flier,0,0,previous_merge_run,上一轮合并矩阵已有值,dryad_qrfj6q5nh_v20240304,,
Cricotopus_sp.,feeding_group__collector_gatherer,0,0,previous_merge_run,上一轮合并矩阵已有值,dryad_qrfj6q5nh_v20240304,,
Cricotopus_sp.,feeding_group__collector_filterer,0,0,previous_merge_run,上一轮合并矩阵已有值,dryad_qrfj6q5nh_v20240304,,
Cricotopus_sp.,feeding_group__scraper_grazer,1,1,previous_merge_run,上一轮合并矩阵已有值,dryad_qrfj6q5nh_v20240304,,
Cricotopus_sp.,feeding_group__shredder,0,0,previous_merge_run,上一轮合并矩阵已有值,dryad_qrfj6q5nh_v20240304,,
Cricotopus_sp.,feeding_group__predator_piercer,0,0,previous_merge_run,上一轮合并矩阵已有值,dryad_qrfj6q5nh_v20240304,,
Cricotopus_sp.,feeding_group__parasite,,,missing,仍缺失,,,
Cricotopus_sp.,respiration__integument,0,0,previous_merge_run,上一轮合并矩阵已有值,dryad_qrfj6q5nh_v20240304,,
Cricotopus_sp.,respiration__gill,1,1,previous_merge_run,上一轮合并矩阵已有值,dryad_qrfj6q5nh_v20240304,,
Cricotopus_sp.,respiration__aerial_any,0,0,previous_merge_run,上一轮合并矩阵已有值,dryad_qrfj6q5nh_v20240304,,
Cricotopus_sp.,dispersal_mode__aquatic_passive,0,0,previous_merge_run,上一轮合并矩阵已有值,dryad_qrfj6q5nh_v20240304,,
Cricotopus_sp.,dispersal_mode__terrestrial_passive,1,1,previous_merge_run,上一轮合并矩阵已有值,dryad_qrfj6q5nh_v20240304,,
Cricotopus_sp.,dispersal_mode__terrestrial_active,0,0,previous_merge_run,上一轮合并矩阵已有值,dryad_qrfj6q5nh_v20240304,,
Cricotopus_sp.,aquatic_stage__egg_larva_aquatic,,,missing,仍缺失,,,
Cricotopus_sp.,aquatic_stage__fully_aquatic,,,missing,仍缺失,,,
Cricotopus_sp.,sexual_maturity_duration__short,1,1,previous_merge_run,上一轮合并矩阵已有值,dryad_qrfj6q5nh_v20240304,,
Cricotopus_sp.,sexual_maturity_duration__long,0,0,previous_merge_run,上一轮合并矩阵已有值,dryad_qrfj6q5nh_v20240304,,
Cricotopus_sp.,life_span_bin__le_1yr,,,missing,仍缺失,,,
Cricotopus_sp.,life_span_bin__gt_1yr,,,missing,仍缺失,,,
Cricotopus_sp.,voltinism__semivoltine_lt_1_generation_per_year,,,missing,仍缺失,,,
Cricotopus_sp.,voltinism__univoltine_1_generation_per_year,,,missing,仍缺失,,,
Cricotopus_sp.,voltinism__multivoltine_gt_1_generation_per_year,,,missing,仍缺失,,,
Cricotopus_sp.,fertilization_mode__internal,1,1,previous_merge_run,上一轮合并矩阵已有值,dryad_qrfj6q5nh_v20240304,,
Cricotopus_sp.,fertilization_mode__external,0,0,previous_merge_run,上一轮合并矩阵已有值,dryad_qrfj6q5nh_v20240304,,
Cricotopus_sp.,oviposition_mode__egg_mass,1,1,previous_merge_run,上一轮合并矩阵已有值,dryad_qrfj6q5nh_v20240304,,
Cricotopus_sp.,oviposition_mode__ovoviviparity,0,0,previous_merge_run,上一轮合并矩阵已有值,dryad_qrfj6q5nh_v20240304,,
Cricotopus_sp.,oviposition_mode__soft_chorion,0,0,previous_merge_run,上一轮合并矩阵已有值,dryad_qrfj6q5nh_v20240304,,
Baetis_sp.,max_size_coarse__lt_10mm,1,1,previous_merge_run,上一轮合并矩阵已有值,korean_stream_macroinvertebrate_v1_2,,
Baetis_sp.,max_size_coarse__ge_approx_10mm,1,1,previous_merge_run,上一轮合并矩阵已有值,korean_stream_macroinvertebrate_v1_2,,
Baetis_sp.,shape_S1_streamlined,2,2,previous_merge_run,上一轮合并矩阵已有值,korean_stream_macroinvertebrate_v1_2,,
Baetis_sp.,shape_S2_non_streamlined,1,1,previous_merge_run,上一轮合并矩阵已有值,korean_stream_macroinvertebrate_v1_2,,
Baetis_sp.,armour_AR1_none,2,2,previous_merge_run,上一轮合并矩阵已有值,korean_stream_macroinvertebrate_v1_2,,
Baetis_sp.,armour_AR2_weak,3,3,previous_merge_run,上一轮合并矩阵已有值,korean_stream_macroinvertebrate_v1_2,,
Baetis_sp.,armour_AR3_strong,0,0,previous_merge_run,上一轮合并矩阵已有值,korean_stream_macroinvertebrate_v1_2,,
Baetis_sp.,locomotion__burrower_interstitial,,,missing,仍缺失,,,
Baetis_sp.,locomotion__crawler_climber_sprawler,1,1,previous_merge_run,上一轮合并矩阵已有值,korean_stream_macroinvertebrate_v1_2,,
Baetis_sp.,locomotion__clinger,1,1,previous_merge_run,上一轮合并矩阵已有值,korean_stream_macroinvertebrate_v1_2,,
Baetis_sp.,locomotion__mobile_swimmer_planktonic_skater_flier,1,1,previous_merge_run,上一轮合并矩阵已有值,korean_stream_macroinvertebrate_v1_2,,
Baetis_sp.,feeding_group__collector_gatherer,1,1,previous_merge_run,上一轮合并矩阵已有值,korean_stream_macroinvertebrate_v1_2,,
Baetis_sp.,feeding_group__collector_filterer,1,1,previous_merge_run,上一轮合并矩阵已有值,korean_stream_macroinvertebrate_v1_2,,
Baetis_sp.,feeding_group__scraper_grazer,1,1,previous_merge_run,上一轮合并矩阵已有值,korean_stream_macroinvertebrate_v1_2,,
Baetis_sp.,feeding_group__shredder,0,0,previous_merge_run,上一轮合并矩阵已有值,korean_stream_macroinvertebrate_v1_2,,
Baetis_sp.,feeding_group__predator_piercer,0,0,previous_merge_run,上一轮合并矩阵已有值,korean_stream_macroinvertebrate_v1_2,,
Baetis_sp.,feeding_group__parasite,0,0,previous_merge_run,上一轮合并矩阵已有值,korean_stream_macroinvertebrate_v1_2,,
Baetis_sp.,respiration__integument,1,1,previous_merge_run,上一轮合并矩阵已有值,korean_stream_macroinvertebrate_v1_2,,
Baetis_sp.,respiration__gill,1,1,previous_merge_run,上一轮合并矩阵已有值,korean_stream_macroinvertebrate_v1_2,,
Baetis_sp.,respiration__aerial_any,,,missing,仍缺失,,,
Baetis_sp.,dispersal_mode__aquatic_passive,,,missing,仍缺失,,,
Baetis_sp.,dispersal_mode__terrestrial_passive,,,missing,仍缺失,,,
Baetis_sp.,dispersal_mode__terrestrial_active,,,missing,仍缺失,,,
Baetis_sp.,aquatic_stage__egg_larva_aquatic,3,3,previous_merge_run,上一轮合并矩阵已有值,korean_stream_macroinvertebrate_v1_2,,
Baetis_sp.,aquatic_stage__fully_aquatic,0,0,previous_merge_run,上一轮合并矩阵已有值,korean_stream_macroinvertebrate_v1_2,,
Baetis_sp.,sexual_maturity_duration__short,,,missing,仍缺失,,,
Baetis_sp.,sexual_maturity_duration__long,,,missing,仍缺失,,,
Baetis_sp.,life_span_bin__le_1yr,2,2,previous_merge_run,上一轮合并矩阵已有值,korean_stream_macroinvertebrate_v1_2,,
Baetis_sp.,life_span_bin__gt_1yr,1,1,previous_merge_run,上一轮合并矩阵已有值,korean_stream_macroinvertebrate_v1_2,,
Baetis_sp.,voltinism__semivoltine_lt_1_generation_per_year,0,0,previous_merge_run,上一轮合并矩阵已有值,korean_stream_macroinvertebrate_v1_2,,
Baetis_sp.,voltinism__univoltine_1_generation_per_year,2,2,previous_merge_run,上一轮合并矩阵已有值,korean_stream_macroinvertebrate_v1_2,,
Baetis_sp.,voltinism__multivoltine_gt_1_generation_per_year,3,3,previous_merge_run,上一轮合并矩阵已有值,korean_stream_macroinvertebrate_v1_2,,
Baetis_sp.,fertilization_mode__internal,,,missing,仍缺失,,,
Baetis_sp.,fertilization_mode__external,,,missing,仍缺失,,,
Baetis_sp.,oviposition_mode__egg_mass,,,missing,仍缺失,,,
Baetis_sp.,oviposition_mode__ovoviviparity,,,missing,仍缺失,,,
Baetis_sp.,oviposition_mode__soft_chorion,,,missing,仍缺失,,,
Branchiura_sp.,max_size_coarse__lt_10mm,0,0,previous_merge_run,上一轮合并矩阵已有值,korean_stream_macroinvertebrate_v1_2,,
Branchiura_sp.,max_size_coarse__ge_approx_10mm,1,1,previous_merge_run,上一轮合并矩阵已有值,korean_stream_macroinvertebrate_v1_2,,
Branchiura_sp.,shape_S1_streamlined,0,0,previous_merge_run,上一轮合并矩阵已有值,korean_stream_macroinvertebrate_v1_2,,
Branchiura_sp.,shape_S2_non_streamlined,3,3,previous_merge_run,上一轮合并矩阵已有值,korean_stream_macroinvertebrate_v1_2,,
Branchiura_sp.,armour_AR1_none,3,3,previous_merge_run,上一轮合并矩阵已有值,korean_stream_macroinvertebrate_v1_2,,
Branchiura_sp.,armour_AR2_weak,0,0,previous_merge_run,上一轮合并矩阵已有值,korean_stream_macroinvertebrate_v1_2,,
Branchiura_sp.,armour_AR3_strong,0,0,previous_merge_run,上一轮合并矩阵已有值,korean_stream_macroinvertebrate_v1_2,,
Branchiura_sp.,locomotion__burrower_interstitial,1,1,previous_merge_run,上一轮合并矩阵已有值,korean_stream_macroinvertebrate_v1_2,,
Branchiura_sp.,locomotion__crawler_climber_sprawler,1,1,previous_merge_run,上一轮合并矩阵已有值,korean_stream_macroinvertebrate_v1_2,,
Branchiura_sp.,locomotion__clinger,0,0,previous_merge_run,上一轮合并矩阵已有值,korean_stream_macroinvertebrate_v1_2,,
Branchiura_sp.,locomotion__mobile_swimmer_planktonic_skater_flier,0,0,previous_merge_run,上一轮合并矩阵已有值,korean_stream_macroinvertebrate_v1_2,,
Branchiura_sp.,feeding_group__collector_gatherer,1,1,previous_merge_run,上一轮合并矩阵已有值,korean_stream_macroinvertebrate_v1_2,,
Branchiura_sp.,feeding_group__collector_filterer,0,0,previous_merge_run,上一轮合并矩阵已有值,korean_stream_macroinvertebrate_v1_2,,
Branchiura_sp.,feeding_group__scraper_grazer,0,0,previous_merge_run,上一轮合并矩阵已有值,korean_stream_macroinvertebrate_v1_2,,
Branchiura_sp.,feeding_group__shredder,0,0,previous_merge_run,上一轮合并矩阵已有值,korean_stream_macroinvertebrate_v1_2,,
Branchiura_sp.,feeding_group__predator_piercer,0,0,previous_merge_run,上一轮合并矩阵已有值,korean_stream_macroinvertebrate_v1_2,,
Branchiura_sp.,feeding_group__parasite,0,0,previous_merge_run,上一轮合并矩阵已有值,korean_stream_macroinvertebrate_v1_2,,
Branchiura_sp.,respiration__integument,1,1,previous_merge_run,上一轮合并矩阵已有值,korean_stream_macroinvertebrate_v1_2,,
Branchiura_sp.,respiration__gill,1,1,previous_merge_run,上一轮合并矩阵已有值,korean_stream_macroinvertebrate_v1_2,,
Branchiura_sp.,respiration__aerial_any,0,0,previous_merge_run,上一轮合并矩阵已有值,korean_stream_macroinvertebrate_v1_2,,
Branchiura_sp.,dispersal_mode__aquatic_passive,1,1,previous_merge_run,上一轮合并矩阵已有值,dryad_qrfj6q5nh_v20240304,,
Branchiura_sp.,dispersal_mode__terrestrial_passive,0,0,previous_merge_run,上一轮合并矩阵已有值,dryad_qrfj6q5nh_v20240304,,
Branchiura_sp.,dispersal_mode__terrestrial_active,0,0,previous_merge_run,上一轮合并矩阵已有值,dryad_qrfj6q5nh_v20240304,,
Branchiura_sp.,aquatic_stage__egg_larva_aquatic,0,0,previous_merge_run,上一轮合并矩阵已有值,korean_stream_macroinvertebrate_v1_2,,
Branchiura_sp.,aquatic_stage__fully_aquatic,2,2,previous_merge_run,上一轮合并矩阵已有值,korean_stream_macroinvertebrate_v1_2,,
Branchiura_sp.,sexual_maturity_duration__short,1,1,previous_merge_run,上一轮合并矩阵已有值,dryad_qrfj6q5nh_v20240304,,
Branchiura_sp.,sexual_maturity_duration__long,0,0,previous_merge_run,上一轮合并矩阵已有值,dryad_qrfj6q5nh_v20240304,,
Branchiura_sp.,life_span_bin__le_1yr,0,0,previous_merge_run,上一轮合并矩阵已有值,korean_stream_macroinvertebrate_v1_2,,
Branchiura_sp.,life_span_bin__gt_1yr,2,2,previous_merge_run,上一轮合并矩阵已有值,korean_stream_macroinvertebrate_v1_2,,
Branchiura_sp.,voltinism__semivoltine_lt_1_generation_per_year,0,0,previous_merge_run,上一轮合并矩阵已有值,korean_stream_macroinvertebrate_v1_2,,
Branchiura_sp.,voltinism__univoltine_1_generation_per_year,0,0,previous_merge_run,上一轮合并矩阵已有值,korean_stream_macroinvertebrate_v1_2,,
Branchiura_sp.,voltinism__multivoltine_gt_1_generation_per_year,3,3,previous_merge_run,上一轮合并矩阵已有值,korean_stream_macroinvertebrate_v1_2,,
Branchiura_sp.,fertilization_mode__internal,1,1,previous_merge_run,上一轮合并矩阵已有值,dryad_qrfj6q5nh_v20240304,,
Branchiura_sp.,fertilization_mode__external,0,0,previous_merge_run,上一轮合并矩阵已有值,dryad_qrfj6q5nh_v20240304,,
Branchiura_sp.,oviposition_mode__egg_mass,1,1,previous_merge_run,上一轮合并矩阵已有值,dryad_qrfj6q5nh_v20240304,,
Branchiura_sp.,oviposition_mode__ovoviviparity,0,0,previous_merge_run,上一轮合并矩阵已有值,dryad_qrfj6q5nh_v20240304,,
Branchiura_sp.,oviposition_mode__soft_chorion,0,0,previous_merge_run,上一轮合并矩阵已有值,dryad_qrfj6q5nh_v20240304,,
Tanytarsus_sp.,max_size_coarse__lt_10mm,1,1,previous_merge_run,上一轮合并矩阵已有值,dryad_qrfj6q5nh_v20240304,,
Tanytarsus_sp.,max_size_coarse__ge_approx_10mm,0,0,previous_merge_run,上一轮合并矩阵已有值,dryad_qrfj6q5nh_v20240304,,
Tanytarsus_sp.,shape_S1_streamlined,,,missing,仍缺失,,,
Tanytarsus_sp.,shape_S2_non_streamlined,,,missing,仍缺失,,,
Tanytarsus_sp.,armour_AR1_none,,,missing,仍缺失,,,
Tanytarsus_sp.,armour_AR2_weak,,,missing,仍缺失,,,
Tanytarsus_sp.,armour_AR3_strong,,,missing,仍缺失,,,
Tanytarsus_sp.,locomotion__burrower_interstitial,0,0,previous_merge_run,上一轮合并矩阵已有值,dryad_qrfj6q5nh_v20240304,,
Tanytarsus_sp.,locomotion__crawler_climber_sprawler,1,1,previous_merge_run,上一轮合并矩阵已有值,dryad_qrfj6q5nh_v20240304,,
Tanytarsus_sp.,locomotion__clinger,0,0,previous_merge_run,上一轮合并矩阵已有值,dryad_qrfj6q5nh_v20240304,,
Tanytarsus_sp.,locomotion__mobile_swimmer_planktonic_skater_flier,0,0,previous_merge_run,上一轮合并矩阵已有值,dryad_qrfj6q5nh_v20240304,,
Tanytarsus_sp.,feeding_group__collector_gatherer,0,0,previous_merge_run,上一轮合并矩阵已有值,dryad_qrfj6q5nh_v20240304,,
Tanytarsus_sp.,feeding_group__collector_filterer,1,1,previous_merge_run,上一轮合并矩阵已有值,dryad_qrfj6q5nh_v20240304,,
Tanytarsus_sp.,feeding_group__scraper_grazer,0,0,previous_merge_run,上一轮合并矩阵已有值,dryad_qrfj6q5nh_v20240304,,
Tanytarsus_sp.,feeding_group__shredder,0,0,previous_merge_run,上一轮合并矩阵已有值,dryad_qrfj6q5nh_v20240304,,
Tanytarsus_sp.,feeding_group__predator_piercer,0,0,previous_merge_run,上一轮合并矩阵已有值,dryad_qrfj6q5nh_v20240304,,
Tanytarsus_sp.,feeding_group__parasite,,,missing,仍缺失,,,
Tanytarsus_sp.,respiration__integument,0,0,previous_merge_run,上一轮合并矩阵已有值,dryad_qrfj6q5nh_v20240304,,
Tanytarsus_sp.,respiration__gill,1,1,previous_merge_run,上一轮合并矩阵已有值,dryad_qrfj6q5nh_v20240304,,
Tanytarsus_sp.,respiration__aerial_any,0,0,previous_merge_run,上一轮合并矩阵已有值,dryad_qrfj6q5nh_v20240304,,
Tanytarsus_sp.,dispersal_mode__aquatic_passive,0,0,previous_merge_run,上一轮合并矩阵已有值,dryad_qrfj6q5nh_v20240304,,
Tanytarsus_sp.,dispersal_mode__terrestrial_passive,1,1,previous_merge_run,上一轮合并矩阵已有值,dryad_qrfj6q5nh_v20240304,,
Tanytarsus_sp.,dispersal_mode__terrestrial_active,0,0,previous_merge_run,上一轮合并矩阵已有值,dryad_qrfj6q5nh_v20240304,,
Tanytarsus_sp.,aquatic_stage__egg_larva_aquatic,,,missing,仍缺失,,,
Tanytarsus_sp.,aquatic_stage__fully_aquatic,,,missing,仍缺失,,,
Tanytarsus_sp.,sexual_maturity_duration__short,1,1,previous_merge_run,上一轮合并矩阵已有值,dryad_qrfj6q5nh_v20240304,,
Tanytarsus_sp.,sexual_maturity_duration__long,0,0,previous_merge_run,上一轮合并矩阵已有值,dryad_qrfj6q5nh_v20240304,,
Tanytarsus_sp.,life_span_bin__le_1yr,,,missing,仍缺失,,,
Tanytarsus_sp.,life_span_bin__gt_1yr,,,missing,仍缺失,,,
Tanytarsus_sp.,voltinism__semivoltine_lt_1_generation_per_year,,,missing,仍缺失,,,
Tanytarsus_sp.,voltinism__univoltine_1_generation_per_year,,,missing,仍缺失,,,
Tanytarsus_sp.,voltinism__multivoltine_gt_1_generation_per_year,,,missing,仍缺失,,,
Tanytarsus_sp.,fertilization_mode__internal,1,1,previous_merge_run,上一轮合并矩阵已有值,dryad_qrfj6q5nh_v20240304,,
Tanytarsus_sp.,fertilization_mode__external,0,0,previous_merge_run,上一轮合并矩阵已有值,dryad_qrfj6q5nh_v20240304,,
Tanytarsus_sp.,oviposition_mode__egg_mass,1,1,previous_merge_run,上一轮合并矩阵已有值,dryad_qrfj6q5nh_v20240304,,
Tanytarsus_sp.,oviposition_mode__ovoviviparity,0,0,previous_merge_run,上一轮合并矩阵已有值,dryad_qrfj6q5nh_v20240304,,
Tanytarsus_sp.,oviposition_mode__soft_chorion,0,0,previous_merge_run,上一轮合并矩阵已有值,dryad_qrfj6q5nh_v20240304,,
Ablabesmyia_sp.,max_size_coarse__lt_10mm,0,0,previous_merge_run,上一轮合并矩阵已有值,dryad_qrfj6q5nh_v20240304,,
Ablabesmyia_sp.,max_size_coarse__ge_approx_10mm,1,1,previous_merge_run,上一轮合并矩阵已有值,dryad_qrfj6q5nh_v20240304,,
Ablabesmyia_sp.,shape_S1_streamlined,,,missing,仍缺失,,,
Ablabesmyia_sp.,shape_S2_non_streamlined,,,missing,仍缺失,,,
Ablabesmyia_sp.,armour_AR1_none,,,missing,仍缺失,,,
Ablabesmyia_sp.,armour_AR2_weak,,,missing,仍缺失,,,
Ablabesmyia_sp.,armour_AR3_strong,,,missing,仍缺失,,,
Ablabesmyia_sp.,locomotion__burrower_interstitial,0,0,previous_merge_run,上一轮合并矩阵已有值,dryad_qrfj6q5nh_v20240304,,
Ablabesmyia_sp.,locomotion__crawler_climber_sprawler,1,1,previous_merge_run,上一轮合并矩阵已有值,dryad_qrfj6q5nh_v20240304,,
Ablabesmyia_sp.,locomotion__clinger,0,0,previous_merge_run,上一轮合并矩阵已有值,dryad_qrfj6q5nh_v20240304,,
Ablabesmyia_sp.,locomotion__mobile_swimmer_planktonic_skater_flier,0,0,previous_merge_run,上一轮合并矩阵已有值,dryad_qrfj6q5nh_v20240304,,
Ablabesmyia_sp.,feeding_group__collector_gatherer,0,0,previous_merge_run,上一轮合并矩阵已有值,dryad_qrfj6q5nh_v20240304,,
Ablabesmyia_sp.,feeding_group__collector_filterer,0,0,previous_merge_run,上一轮合并矩阵已有值,dryad_qrfj6q5nh_v20240304,,
Ablabesmyia_sp.,feeding_group__scraper_grazer,0,0,previous_merge_run,上一轮合并矩阵已有值,dryad_qrfj6q5nh_v20240304,,
Ablabesmyia_sp.,feeding_group__shredder,0,0,previous_merge_run,上一轮合并矩阵已有值,dryad_qrfj6q5nh_v20240304,,
Ablabesmyia_sp.,feeding_group__predator_piercer,1,1,previous_merge_run,上一轮合并矩阵已有值,dryad_qrfj6q5nh_v20240304,,
Ablabesmyia_sp.,feeding_group__parasite,0,,reviewed_trait_gap_completion,本轮审定缺值检索补值,galizzi_2012_chironomidae_diet,CAND_ABLABESMYIA_SP_FULL_001,RGD-0001
Ablabesmyia_sp.,respiration__integument,0,0,previous_merge_run,上一轮合并矩阵已有值,dryad_qrfj6q5nh_v20240304,,
Ablabesmyia_sp.,respiration__gill,1,1,previous_merge_run,上一轮合并矩阵已有值,dryad_qrfj6q5nh_v20240304,,
Ablabesmyia_sp.,respiration__aerial_any,0,0,previous_merge_run,上一轮合并矩阵已有值,dryad_qrfj6q5nh_v20240304,,
Ablabesmyia_sp.,dispersal_mode__aquatic_passive,0,0,previous_merge_run,上一轮合并矩阵已有值,dryad_qrfj6q5nh_v20240304,,
Ablabesmyia_sp.,dispersal_mode__terrestrial_passive,1,1,previous_merge_run,上一轮合并矩阵已有值,dryad_qrfj6q5nh_v20240304,,
Ablabesmyia_sp.,dispersal_mode__terrestrial_active,0,0,previous_merge_run,上一轮合并矩阵已有值,dryad_qrfj6q5nh_v20240304,,
Ablabesmyia_sp.,aquatic_stage__egg_larva_aquatic,,,missing,仍缺失,,,
Ablabesmyia_sp.,aquatic_stage__fully_aquatic,,,missing,仍缺失,,,
Ablabesmyia_sp.,sexual_maturity_duration__short,1,1,previous_merge_run,上一轮合并矩阵已有值,dryad_qrfj6q5nh_v20240304,,
Ablabesmyia_sp.,sexual_maturity_duration__long,0,0,previous_merge_run,上一轮合并矩阵已有值,dryad_qrfj6q5nh_v20240304,,
Ablabesmyia_sp.,life_span_bin__le_1yr,3,,reviewed_trait_gap_completion,本轮审定缺值检索补值,wonglersak_2021_chironomid_body_size_life_history,CAND_ABLABESMYIA_SP_FULL_002,RGD-0002
Ablabesmyia_sp.,life_span_bin__gt_1yr,0,,reviewed_trait_gap_completion,本轮审定缺值检索补值,wonglersak_2021_chironomid_body_size_life_history,CAND_ABLABESMYIA_SP_FULL_003,RGD-0003
Ablabesmyia_sp.,voltinism__semivoltine_lt_1_generation_per_year,0,,reviewed_trait_gap_completion,本轮审定缺值检索补值,wonglersak_2021_chironomid_body_size_life_history,CAND_ABLABESMYIA_SP_FULL_004,RGD-0004
Ablabesmyia_sp.,voltinism__univoltine_1_generation_per_year,3,,reviewed_trait_gap_completion,本轮审定缺值检索补值,wonglersak_2021_chironomid_body_size_life_history,CAND_ABLABESMYIA_SP_FULL_005,RGD-0005
Ablabesmyia_sp.,voltinism__multivoltine_gt_1_generation_per_year,0,,reviewed_trait_gap_completion,本轮审定缺值检索补值,wonglersak_2021_chironomid_body_size_life_history,CAND_ABLABESMYIA_SP_FULL_006,RGD-0006
Ablabesmyia_sp.,fertilization_mode__internal,1,1,previous_merge_run,上一轮合并矩阵已有值,dryad_qrfj6q5nh_v20240304,,
Ablabesmyia_sp.,fertilization_mode__external,0,0,previous_merge_run,上一轮合并矩阵已有值,dryad_qrfj6q5nh_v20240304,,
Ablabesmyia_sp.,oviposition_mode__egg_mass,1,1,previous_merge_run,上一轮合并矩阵已有值,dryad_qrfj6q5nh_v20240304,,
Ablabesmyia_sp.,oviposition_mode__ovoviviparity,0,0,previous_merge_run,上一轮合并矩阵已有值,dryad_qrfj6q5nh_v20240304,,
Ablabesmyia_sp.,oviposition_mode__soft_chorion,0,0,previous_merge_run,上一轮合并矩阵已有值,dryad_qrfj6q5nh_v20240304,,
Ictinogomphus_sp.,max_size_coarse__lt_10mm,,,missing,仍缺失,,,
Ictinogomphus_sp.,max_size_coarse__ge_approx_10mm,,,missing,仍缺失,,,
Ictinogomphus_sp.,shape_S1_streamlined,,,missing,仍缺失,,,
Ictinogomphus_sp.,shape_S2_non_streamlined,,,missing,仍缺失,,,
Ictinogomphus_sp.,armour_AR1_none,,,missing,仍缺失,,,
Ictinogomphus_sp.,armour_AR2_weak,,,missing,仍缺失,,,
Ictinogomphus_sp.,armour_AR3_strong,,,missing,仍缺失,,,
Ictinogomphus_sp.,locomotion__burrower_interstitial,,,missing,仍缺失,,,
Ictinogomphus_sp.,locomotion__crawler_climber_sprawler,,,missing,仍缺失,,,
Ictinogomphus_sp.,locomotion__clinger,,,missing,仍缺失,,,
Ictinogomphus_sp.,locomotion__mobile_swimmer_planktonic_skater_flier,,,missing,仍缺失,,,
Ictinogomphus_sp.,feeding_group__collector_gatherer,0,0,previous_merge_run,上一轮合并矩阵已有值,eol_traitbank_4pages,,FRD-0033
Ictinogomphus_sp.,feeding_group__collector_filterer,0,0,previous_merge_run,上一轮合并矩阵已有值,eol_traitbank_4pages,,FRD-0032
Ictinogomphus_sp.,feeding_group__scraper_grazer,0,0,previous_merge_run,上一轮合并矩阵已有值,eol_traitbank_4pages,,FRD-0036
Ictinogomphus_sp.,feeding_group__shredder,0,0,previous_merge_run,上一轮合并矩阵已有值,eol_traitbank_4pages,,FRD-0037
Ictinogomphus_sp.,feeding_group__predator_piercer,1,1,previous_merge_run,上一轮合并矩阵已有值,eol_traitbank_4pages,,FRD-0035
Ictinogomphus_sp.,feeding_group__parasite,0,0,previous_merge_run,上一轮合并矩阵已有值,eol_traitbank_4pages,,FRD-0034
Ictinogomphus_sp.,respiration__integument,,,missing,仍缺失,,,
Ictinogomphus_sp.,respiration__gill,,,missing,仍缺失,,,
Ictinogomphus_sp.,respiration__aerial_any,,,missing,仍缺失,,,
Ictinogomphus_sp.,dispersal_mode__aquatic_passive,,,missing,仍缺失,,,
Ictinogomphus_sp.,dispersal_mode__terrestrial_passive,,,missing,仍缺失,,,
Ictinogomphus_sp.,dispersal_mode__terrestrial_active,,,missing,仍缺失,,,
Ictinogomphus_sp.,aquatic_stage__egg_larva_aquatic,,,missing,仍缺失,,,
Ictinogomphus_sp.,aquatic_stage__fully_aquatic,,,missing,仍缺失,,,
Ictinogomphus_sp.,sexual_maturity_duration__short,,,missing,仍缺失,,,
Ictinogomphus_sp.,sexual_maturity_duration__long,,,missing,仍缺失,,,
Ictinogomphus_sp.,life_span_bin__le_1yr,,,missing,仍缺失,,,
Ictinogomphus_sp.,life_span_bin__gt_1yr,,,missing,仍缺失,,,
Ictinogomphus_sp.,voltinism__semivoltine_lt_1_generation_per_year,3,3,previous_merge_run,上一轮合并矩阵已有值,eol_traitbank_4pages,,FRD-0039
Ictinogomphus_sp.,voltinism__univoltine_1_generation_per_year,3,3,previous_merge_run,上一轮合并矩阵已有值,eol_traitbank_4pages,,FRD-0040
Ictinogomphus_sp.,voltinism__multivoltine_gt_1_generation_per_year,0,0,previous_merge_run,上一轮合并矩阵已有值,eol_traitbank_4pages,,FRD-0038
Ictinogomphus_sp.,fertilization_mode__internal,,,missing,仍缺失,,,
Ictinogomphus_sp.,fertilization_mode__external,,,missing,仍缺失,,,
Ictinogomphus_sp.,oviposition_mode__egg_mass,,,missing,仍缺失,,,
Ictinogomphus_sp.,oviposition_mode__ovoviviparity,,,missing,仍缺失,,,
Ictinogomphus_sp.,oviposition_mode__soft_chorion,,,missing,仍缺失,,,
Palaemon_sp.,max_size_coarse__lt_10mm,0,0,previous_merge_run,上一轮合并矩阵已有值,korean_stream_macroinvertebrate_v1_2,,
Palaemon_sp.,max_size_coarse__ge_approx_10mm,1,1,previous_merge_run,上一轮合并矩阵已有值,korean_stream_macroinvertebrate_v1_2,,
Palaemon_sp.,shape_S1_streamlined,2,2,previous_merge_run,上一轮合并矩阵已有值,korean_stream_macroinvertebrate_v1_2,,
Palaemon_sp.,shape_S2_non_streamlined,1,1,previous_merge_run,上一轮合并矩阵已有值,korean_stream_macroinvertebrate_v1_2,,
Palaemon_sp.,armour_AR1_none,0,0,previous_merge_run,上一轮合并矩阵已有值,korean_stream_macroinvertebrate_v1_2,,
Palaemon_sp.,armour_AR2_weak,1,1,previous_merge_run,上一轮合并矩阵已有值,korean_stream_macroinvertebrate_v1_2,,
Palaemon_sp.,armour_AR3_strong,1,1,previous_merge_run,上一轮合并矩阵已有值,korean_stream_macroinvertebrate_v1_2,,
Palaemon_sp.,locomotion__burrower_interstitial,0,0,previous_merge_run,上一轮合并矩阵已有值,korean_stream_macroinvertebrate_v1_2,,
Palaemon_sp.,locomotion__crawler_climber_sprawler,,,missing,仍缺失,,,
Palaemon_sp.,locomotion__clinger,0,0,previous_merge_run,上一轮合并矩阵已有值,korean_stream_macroinvertebrate_v1_2,,
Palaemon_sp.,locomotion__mobile_swimmer_planktonic_skater_flier,1,1,previous_merge_run,上一轮合并矩阵已有值,korean_stream_macroinvertebrate_v1_2,,
Palaemon_sp.,feeding_group__collector_gatherer,0,0,previous_merge_run,上一轮合并矩阵已有值,korean_stream_macroinvertebrate_v1_2,,
Palaemon_sp.,feeding_group__collector_filterer,0,0,previous_merge_run,上一轮合并矩阵已有值,korean_stream_macroinvertebrate_v1_2,,
Palaemon_sp.,feeding_group__scraper_grazer,0,0,previous_merge_run,上一轮合并矩阵已有值,korean_stream_macroinvertebrate_v1_2,,
Palaemon_sp.,feeding_group__shredder,,,missing,仍缺失,,,
Palaemon_sp.,feeding_group__predator_piercer,0,0,previous_merge_run,上一轮合并矩阵已有值,korean_stream_macroinvertebrate_v1_2,,
Palaemon_sp.,feeding_group__parasite,0,0,previous_merge_run,上一轮合并矩阵已有值,korean_stream_macroinvertebrate_v1_2,,
Palaemon_sp.,respiration__integument,0,0,previous_merge_run,上一轮合并矩阵已有值,korean_stream_macroinvertebrate_v1_2,,
Palaemon_sp.,respiration__gill,,,missing,仍缺失,,,
Palaemon_sp.,respiration__aerial_any,,,missing,仍缺失,,,
Palaemon_sp.,dispersal_mode__aquatic_passive,,,missing,仍缺失,,,
Palaemon_sp.,dispersal_mode__terrestrial_passive,,,missing,仍缺失,,,
Palaemon_sp.,dispersal_mode__terrestrial_active,,,missing,仍缺失,,,
Palaemon_sp.,aquatic_stage__egg_larva_aquatic,2,2,previous_merge_run,上一轮合并矩阵已有值,korean_stream_macroinvertebrate_v1_2,,
Palaemon_sp.,aquatic_stage__fully_aquatic,2,2,previous_merge_run,上一轮合并矩阵已有值,korean_stream_macroinvertebrate_v1_2,,
Palaemon_sp.,sexual_maturity_duration__short,,,missing,仍缺失,,,
Palaemon_sp.,sexual_maturity_duration__long,,,missing,仍缺失,,,
Palaemon_sp.,life_span_bin__le_1yr,2,2,previous_merge_run,上一轮合并矩阵已有值,korean_stream_macroinvertebrate_v1_2,,
Palaemon_sp.,life_span_bin__gt_1yr,1,1,previous_merge_run,上一轮合并矩阵已有值,korean_stream_macroinvertebrate_v1_2,,
Palaemon_sp.,voltinism__semivoltine_lt_1_generation_per_year,0,0,previous_merge_run,上一轮合并矩阵已有值,korean_stream_macroinvertebrate_v1_2,,
Palaemon_sp.,voltinism__univoltine_1_generation_per_year,2,2,previous_merge_run,上一轮合并矩阵已有值,korean_stream_macroinvertebrate_v1_2,,
Palaemon_sp.,voltinism__multivoltine_gt_1_generation_per_year,2,2,previous_merge_run,上一轮合并矩阵已有值,korean_stream_macroinvertebrate_v1_2,,
Palaemon_sp.,fertilization_mode__internal,,,missing,仍缺失,,,
Palaemon_sp.,fertilization_mode__external,,,missing,仍缺失,,,
Palaemon_sp.,oviposition_mode__egg_mass,,,missing,仍缺失,,,
Palaemon_sp.,oviposition_mode__ovoviviparity,,,missing,仍缺失,,,
Palaemon_sp.,oviposition_mode__soft_chorion,,,missing,仍缺失,,,
Nodularia_sp.,max_size_coarse__lt_10mm,0,0,previous_merge_run,上一轮合并矩阵已有值,korean_stream_macroinvertebrate_v1_2,,
Nodularia_sp.,max_size_coarse__ge_approx_10mm,1,1,previous_merge_run,上一轮合并矩阵已有值,korean_stream_macroinvertebrate_v1_2,,
Nodularia_sp.,shape_S1_streamlined,0,0,previous_merge_run,上一轮合并矩阵已有值,korean_stream_macroinvertebrate_v1_2,,
Nodularia_sp.,shape_S2_non_streamlined,1,1,previous_merge_run,上一轮合并矩阵已有值,korean_stream_macroinvertebrate_v1_2,,
Nodularia_sp.,armour_AR1_none,0,0,previous_merge_run,上一轮合并矩阵已有值,korean_stream_macroinvertebrate_v1_2,,
Nodularia_sp.,armour_AR2_weak,0,0,previous_merge_run,上一轮合并矩阵已有值,korean_stream_macroinvertebrate_v1_2,,
Nodularia_sp.,armour_AR3_strong,1,1,previous_merge_run,上一轮合并矩阵已有值,korean_stream_macroinvertebrate_v1_2,,
Nodularia_sp.,locomotion__burrower_interstitial,1,1,previous_merge_run,上一轮合并矩阵已有值,korean_stream_macroinvertebrate_v1_2,,
Nodularia_sp.,locomotion__crawler_climber_sprawler,0,0,previous_merge_run,上一轮合并矩阵已有值,korean_stream_macroinvertebrate_v1_2,,
Nodularia_sp.,locomotion__clinger,1,1,previous_merge_run,上一轮合并矩阵已有值,korean_stream_macroinvertebrate_v1_2,,
Nodularia_sp.,locomotion__mobile_swimmer_planktonic_skater_flier,0,0,previous_merge_run,上一轮合并矩阵已有值,korean_stream_macroinvertebrate_v1_2,,
Nodularia_sp.,feeding_group__collector_gatherer,0,0,previous_merge_run,上一轮合并矩阵已有值,korean_stream_macroinvertebrate_v1_2,,
Nodularia_sp.,feeding_group__collector_filterer,1,1,previous_merge_run,上一轮合并矩阵已有值,korean_stream_macroinvertebrate_v1_2,,
Nodularia_sp.,feeding_group__scraper_grazer,0,0,previous_merge_run,上一轮合并矩阵已有值,korean_stream_macroinvertebrate_v1_2,,
Nodularia_sp.,feeding_group__shredder,0,0,previous_merge_run,上一轮合并矩阵已有值,korean_stream_macroinvertebrate_v1_2,,
Nodularia_sp.,feeding_group__predator_piercer,0,0,previous_merge_run,上一轮合并矩阵已有值,korean_stream_macroinvertebrate_v1_2,,
Nodularia_sp.,feeding_group__parasite,1,1,previous_merge_run,上一轮合并矩阵已有值,korean_stream_macroinvertebrate_v1_2,,
Nodularia_sp.,respiration__integument,,,missing,仍缺失,,,
Nodularia_sp.,respiration__gill,1,1,previous_merge_run,上一轮合并矩阵已有值,korean_stream_macroinvertebrate_v1_2,,
Nodularia_sp.,respiration__aerial_any,0,0,previous_merge_run,上一轮合并矩阵已有值,korean_stream_macroinvertebrate_v1_2,,
Nodularia_sp.,dispersal_mode__aquatic_passive,1,1,previous_merge_run,上一轮合并矩阵已有值,dryad_qrfj6q5nh_v20240304,,
Nodularia_sp.,dispersal_mode__terrestrial_passive,0,0,previous_merge_run,上一轮合并矩阵已有值,dryad_qrfj6q5nh_v20240304,,
Nodularia_sp.,dispersal_mode__terrestrial_active,0,0,previous_merge_run,上一轮合并矩阵已有值,dryad_qrfj6q5nh_v20240304,,
Nodularia_sp.,aquatic_stage__egg_larva_aquatic,1,1,previous_merge_run,上一轮合并矩阵已有值,korean_stream_macroinvertebrate_v1_2,,
Nodularia_sp.,aquatic_stage__fully_aquatic,1,1,previous_merge_run,上一轮合并矩阵已有值,korean_stream_macroinvertebrate_v1_2,,
Nodularia_sp.,sexual_maturity_duration__short,0,0,previous_merge_run,上一轮合并矩阵已有值,dryad_qrfj6q5nh_v20240304,,
Nodularia_sp.,sexual_maturity_duration__long,1,1,previous_merge_run,上一轮合并矩阵已有值,dryad_qrfj6q5nh_v20240304,,
Nodularia_sp.,life_span_bin__le_1yr,0,0,previous_merge_run,上一轮合并矩阵已有值,korean_stream_macroinvertebrate_v1_2,,
Nodularia_sp.,life_span_bin__gt_1yr,3,3,previous_merge_run,上一轮合并矩阵已有值,korean_stream_macroinvertebrate_v1_2,,
Nodularia_sp.,voltinism__semivoltine_lt_1_generation_per_year,0,0,previous_merge_run,上一轮合并矩阵已有值,korean_stream_macroinvertebrate_v1_2,,
Nodularia_sp.,voltinism__univoltine_1_generation_per_year,2,2,previous_merge_run,上一轮合并矩阵已有值,korean_stream_macroinvertebrate_v1_2,,
Nodularia_sp.,voltinism__multivoltine_gt_1_generation_per_year,0,0,previous_merge_run,上一轮合并矩阵已有值,korean_stream_macroinvertebrate_v1_2,,
Nodularia_sp.,fertilization_mode__internal,0,0,previous_merge_run,上一轮合并矩阵已有值,dryad_qrfj6q5nh_v20240304,,
Nodularia_sp.,fertilization_mode__external,1,1,previous_merge_run,上一轮合并矩阵已有值,dryad_qrfj6q5nh_v20240304,,
Nodularia_sp.,oviposition_mode__egg_mass,0,0,previous_merge_run,上一轮合并矩阵已有值,dryad_qrfj6q5nh_v20240304,,
Nodularia_sp.,oviposition_mode__ovoviviparity,0,0,previous_merge_run,上一轮合并矩阵已有值,dryad_qrfj6q5nh_v20240304,,
Nodularia_sp.,oviposition_mode__soft_chorion,1,1,previous_merge_run,上一轮合并矩阵已有值,dryad_qrfj6q5nh_v20240304,,
Cuneopsis_sp.,max_size_coarse__lt_10mm,0,0,previous_merge_run,上一轮合并矩阵已有值,liu_2022_china_unionida_review,,FRD-0031
Cuneopsis_sp.,max_size_coarse__ge_approx_10mm,1,1,previous_merge_run,上一轮合并矩阵已有值,liu_2022_china_unionida_review,,FRD-0030
Cuneopsis_sp.,shape_S1_streamlined,,,missing,仍缺失,,,
Cuneopsis_sp.,shape_S2_non_streamlined,,,missing,仍缺失,,,
Cuneopsis_sp.,armour_AR1_none,,,missing,仍缺失,,,
Cuneopsis_sp.,armour_AR2_weak,,,missing,仍缺失,,,
Cuneopsis_sp.,armour_AR3_strong,,,missing,仍缺失,,,
Cuneopsis_sp.,locomotion__burrower_interstitial,,,missing,仍缺失,,,
Cuneopsis_sp.,locomotion__crawler_climber_sprawler,,,missing,仍缺失,,,
Cuneopsis_sp.,locomotion__clinger,,,missing,仍缺失,,,
Cuneopsis_sp.,locomotion__mobile_swimmer_planktonic_skater_flier,,,missing,仍缺失,,,
Cuneopsis_sp.,feeding_group__collector_gatherer,,,missing,仍缺失,,,
Cuneopsis_sp.,feeding_group__collector_filterer,,,missing,仍缺失,,,
Cuneopsis_sp.,feeding_group__scraper_grazer,,,missing,仍缺失,,,
Cuneopsis_sp.,feeding_group__shredder,,,missing,仍缺失,,,
Cuneopsis_sp.,feeding_group__predator_piercer,,,missing,仍缺失,,,
Cuneopsis_sp.,feeding_group__parasite,,,missing,仍缺失,,,
Cuneopsis_sp.,respiration__integument,,,missing,仍缺失,,,
Cuneopsis_sp.,respiration__gill,,,missing,仍缺失,,,
Cuneopsis_sp.,respiration__aerial_any,,,missing,仍缺失,,,
Cuneopsis_sp.,dispersal_mode__aquatic_passive,,,missing,仍缺失,,,
Cuneopsis_sp.,dispersal_mode__terrestrial_passive,,,missing,仍缺失,,,
Cuneopsis_sp.,dispersal_mode__terrestrial_active,,,missing,仍缺失,,,
Cuneopsis_sp.,aquatic_stage__egg_larva_aquatic,,,missing,仍缺失,,,
Cuneopsis_sp.,aquatic_stage__fully_aquatic,,,missing,仍缺失,,,
Cuneopsis_sp.,sexual_maturity_duration__short,,,missing,仍缺失,,,
Cuneopsis_sp.,sexual_maturity_duration__long,,,missing,仍缺失,,,
Cuneopsis_sp.,life_span_bin__le_1yr,,,missing,仍缺失,,,
Cuneopsis_sp.,life_span_bin__gt_1yr,,,missing,仍缺失,,,
Cuneopsis_sp.,voltinism__semivoltine_lt_1_generation_per_year,,,missing,仍缺失,,,
Cuneopsis_sp.,voltinism__univoltine_1_generation_per_year,,,missing,仍缺失,,,
Cuneopsis_sp.,voltinism__multivoltine_gt_1_generation_per_year,,,missing,仍缺失,,,
Cuneopsis_sp.,fertilization_mode__internal,,,missing,仍缺失,,,
Cuneopsis_sp.,fertilization_mode__external,,,missing,仍缺失,,,
Cuneopsis_sp.,oviposition_mode__egg_mass,,,missing,仍缺失,,,
Cuneopsis_sp.,oviposition_mode__ovoviviparity,,,missing,仍缺失,,,
Cuneopsis_sp.,oviposition_mode__soft_chorion,,,missing,仍缺失,,,
Micropsectra_sp.,max_size_coarse__lt_10mm,,,missing,仍缺失,,,
Micropsectra_sp.,max_size_coarse__ge_approx_10mm,,,missing,仍缺失,,,
Micropsectra_sp.,shape_S1_streamlined,,,missing,仍缺失,,,
Micropsectra_sp.,shape_S2_non_streamlined,,,missing,仍缺失,,,
Micropsectra_sp.,armour_AR1_none,,,missing,仍缺失,,,
Micropsectra_sp.,armour_AR2_weak,,,missing,仍缺失,,,
Micropsectra_sp.,armour_AR3_strong,,,missing,仍缺失,,,
Micropsectra_sp.,locomotion__burrower_interstitial,0,0,previous_merge_run,上一轮合并矩阵已有值,epa_nc_traitstable,,FRD-0047
Micropsectra_sp.,locomotion__crawler_climber_sprawler,1,1,previous_merge_run,上一轮合并矩阵已有值,epa_nc_traitstable,,FRD-0049
Micropsectra_sp.,locomotion__clinger,0,0,previous_merge_run,上一轮合并矩阵已有值,epa_nc_traitstable,,FRD-0048
Micropsectra_sp.,locomotion__mobile_swimmer_planktonic_skater_flier,0,0,previous_merge_run,上一轮合并矩阵已有值,epa_nc_traitstable,,FRD-0050
Micropsectra_sp.,feeding_group__collector_gatherer,1,1,previous_merge_run,上一轮合并矩阵已有值,epa_nc_traitstable,,FRD-0042
Micropsectra_sp.,feeding_group__collector_filterer,1,1,previous_merge_run,上一轮合并矩阵已有值,eol_traitbank_4pages,,FRD-0041
Micropsectra_sp.,feeding_group__scraper_grazer,0,0,previous_merge_run,上一轮合并矩阵已有值,epa_nc_traitstable,,FRD-0045
Micropsectra_sp.,feeding_group__shredder,0,0,previous_merge_run,上一轮合并矩阵已有值,epa_nc_traitstable,,FRD-0046
Micropsectra_sp.,feeding_group__predator_piercer,0,0,previous_merge_run,上一轮合并矩阵已有值,epa_nc_traitstable,,FRD-0044
Micropsectra_sp.,feeding_group__parasite,0,0,previous_merge_run,上一轮合并矩阵已有值,epa_nc_traitstable,,FRD-0043
Micropsectra_sp.,respiration__integument,,,missing,仍缺失,,,
Micropsectra_sp.,respiration__gill,,,missing,仍缺失,,,
Micropsectra_sp.,respiration__aerial_any,,,missing,仍缺失,,,
Micropsectra_sp.,dispersal_mode__aquatic_passive,,,missing,仍缺失,,,
Micropsectra_sp.,dispersal_mode__terrestrial_passive,,,missing,仍缺失,,,
Micropsectra_sp.,dispersal_mode__terrestrial_active,,,missing,仍缺失,,,
Micropsectra_sp.,aquatic_stage__egg_larva_aquatic,,,missing,仍缺失,,,
Micropsectra_sp.,aquatic_stage__fully_aquatic,,,missing,仍缺失,,,
Micropsectra_sp.,sexual_maturity_duration__short,,,missing,仍缺失,,,
Micropsectra_sp.,sexual_maturity_duration__long,,,missing,仍缺失,,,
Micropsectra_sp.,life_span_bin__le_1yr,,,missing,仍缺失,,,
Micropsectra_sp.,life_span_bin__gt_1yr,,,missing,仍缺失,,,
Micropsectra_sp.,voltinism__semivoltine_lt_1_generation_per_year,0,0,previous_merge_run,上一轮合并矩阵已有值,epa_nc_traitstable,,FRD-0052
Micropsectra_sp.,voltinism__univoltine_1_generation_per_year,0,0,previous_merge_run,上一轮合并矩阵已有值,epa_nc_traitstable,,FRD-0053
Micropsectra_sp.,voltinism__multivoltine_gt_1_generation_per_year,3,3,previous_merge_run,上一轮合并矩阵已有值,epa_nc_traitstable,,FRD-0051
Micropsectra_sp.,fertilization_mode__internal,,,missing,仍缺失,,,
Micropsectra_sp.,fertilization_mode__external,,,missing,仍缺失,,,
Micropsectra_sp.,oviposition_mode__egg_mass,,,missing,仍缺失,,,
Micropsectra_sp.,oviposition_mode__ovoviviparity,,,missing,仍缺失,,,
Micropsectra_sp.,oviposition_mode__soft_chorion,,,missing,仍缺失,,,
Acuticosta_sp.,max_size_coarse__lt_10mm,0,0,previous_merge_run,上一轮合并矩阵已有值,dryad_qrfj6q5nh_v20240304,,
Acuticosta_sp.,max_size_coarse__ge_approx_10mm,1,1,previous_merge_run,上一轮合并矩阵已有值,dryad_qrfj6q5nh_v20240304,,
Acuticosta_sp.,shape_S1_streamlined,0,,reviewed_trait_gap_completion,本轮审定缺值检索补值,microshells_acuticosta_squammosus_20260512,CAND_ACUTICOSTA_SP_FULL_001,RGD-0007
Acuticosta_sp.,shape_S2_non_streamlined,2,,reviewed_trait_gap_completion,本轮审定缺值检索补值,microshells_acuticosta_squammosus_20260512,CAND_ACUTICOSTA_SP_FULL_002,RGD-0008
Acuticosta_sp.,armour_AR1_none,,,missing,仍缺失,,,
Acuticosta_sp.,armour_AR2_weak,,,missing,仍缺失,,,
Acuticosta_sp.,armour_AR3_strong,,,missing,仍缺失,,,
Acuticosta_sp.,locomotion__burrower_interstitial,1,1,previous_merge_run,上一轮合并矩阵已有值,dryad_qrfj6q5nh_v20240304,,
Acuticosta_sp.,locomotion__crawler_climber_sprawler,0,0,previous_merge_run,上一轮合并矩阵已有值,dryad_qrfj6q5nh_v20240304,,
Acuticosta_sp.,locomotion__clinger,0,0,previous_merge_run,上一轮合并矩阵已有值,dryad_qrfj6q5nh_v20240304,,
Acuticosta_sp.,locomotion__mobile_swimmer_planktonic_skater_flier,0,0,previous_merge_run,上一轮合并矩阵已有值,dryad_qrfj6q5nh_v20240304,,
Acuticosta_sp.,feeding_group__collector_gatherer,0,0,previous_merge_run,上一轮合并矩阵已有值,dryad_qrfj6q5nh_v20240304,,
Acuticosta_sp.,feeding_group__collector_filterer,1,1,previous_merge_run,上一轮合并矩阵已有值,dryad_qrfj6q5nh_v20240304,,
Acuticosta_sp.,feeding_group__scraper_grazer,0,0,previous_merge_run,上一轮合并矩阵已有值,dryad_qrfj6q5nh_v20240304,,
Acuticosta_sp.,feeding_group__shredder,0,0,previous_merge_run,上一轮合并矩阵已有值,dryad_qrfj6q5nh_v20240304,,
Acuticosta_sp.,feeding_group__predator_piercer,0,0,previous_merge_run,上一轮合并矩阵已有值,dryad_qrfj6q5nh_v20240304,,
Acuticosta_sp.,feeding_group__parasite,,,missing,仍缺失,,,
Acuticosta_sp.,respiration__integument,0,0,previous_merge_run,上一轮合并矩阵已有值,dryad_qrfj6q5nh_v20240304,,
Acuticosta_sp.,respiration__gill,1,1,previous_merge_run,上一轮合并矩阵已有值,dryad_qrfj6q5nh_v20240304,,
Acuticosta_sp.,respiration__aerial_any,0,0,previous_merge_run,上一轮合并矩阵已有值,dryad_qrfj6q5nh_v20240304,,
Acuticosta_sp.,dispersal_mode__aquatic_passive,1,1,previous_merge_run,上一轮合并矩阵已有值,dryad_qrfj6q5nh_v20240304,,
Acuticosta_sp.,dispersal_mode__terrestrial_passive,0,0,previous_merge_run,上一轮合并矩阵已有值,dryad_qrfj6q5nh_v20240304,,
Acuticosta_sp.,dispersal_mode__terrestrial_active,0,0,previous_merge_run,上一轮合并矩阵已有值,dryad_qrfj6q5nh_v20240304,,
Acuticosta_sp.,aquatic_stage__egg_larva_aquatic,,,missing,仍缺失,,,
Acuticosta_sp.,aquatic_stage__fully_aquatic,,,missing,仍缺失,,,
Acuticosta_sp.,sexual_maturity_duration__short,0,0,previous_merge_run,上一轮合并矩阵已有值,dryad_qrfj6q5nh_v20240304,,
Acuticosta_sp.,sexual_maturity_duration__long,1,1,previous_merge_run,上一轮合并矩阵已有值,dryad_qrfj6q5nh_v20240304,,
Acuticosta_sp.,life_span_bin__le_1yr,,,missing,仍缺失,,,
Acuticosta_sp.,life_span_bin__gt_1yr,,,missing,仍缺失,,,
Acuticosta_sp.,voltinism__semivoltine_lt_1_generation_per_year,,,missing,仍缺失,,,
Acuticosta_sp.,voltinism__univoltine_1_generation_per_year,,,missing,仍缺失,,,
Acuticosta_sp.,voltinism__multivoltine_gt_1_generation_per_year,,,missing,仍缺失,,,
Acuticosta_sp.,fertilization_mode__internal,0,0,previous_merge_run,上一轮合并矩阵已有值,dryad_qrfj6q5nh_v20240304,,
Acuticosta_sp.,fertilization_mode__external,1,1,previous_merge_run,上一轮合并矩阵已有值,dryad_qrfj6q5nh_v20240304,,
Acuticosta_sp.,oviposition_mode__egg_mass,0,0,previous_merge_run,上一轮合并矩阵已有值,dryad_qrfj6q5nh_v20240304,,
Acuticosta_sp.,oviposition_mode__ovoviviparity,0,0,previous_merge_run,上一轮合并矩阵已有值,dryad_qrfj6q5nh_v20240304,,
Acuticosta_sp.,oviposition_mode__soft_chorion,1,1,previous_merge_run,上一轮合并矩阵已有值,dryad_qrfj6q5nh_v20240304,,
Rhyacodrilus_sp.,max_size_coarse__lt_10mm,0,0,previous_merge_run,上一轮合并矩阵已有值,dryad_qrfj6q5nh_v20240304,,
Rhyacodrilus_sp.,max_size_coarse__ge_approx_10mm,1,1,previous_merge_run,上一轮合并矩阵已有值,dryad_qrfj6q5nh_v20240304,,
Rhyacodrilus_sp.,shape_S1_streamlined,,,missing,仍缺失,,,
Rhyacodrilus_sp.,shape_S2_non_streamlined,,,missing,仍缺失,,,
Rhyacodrilus_sp.,armour_AR1_none,,,missing,仍缺失,,,
Rhyacodrilus_sp.,armour_AR2_weak,,,missing,仍缺失,,,
Rhyacodrilus_sp.,armour_AR3_strong,,,missing,仍缺失,,,
Rhyacodrilus_sp.,locomotion__burrower_interstitial,1,1,previous_merge_run,上一轮合并矩阵已有值,dryad_qrfj6q5nh_v20240304,,
Rhyacodrilus_sp.,locomotion__crawler_climber_sprawler,0,0,previous_merge_run,上一轮合并矩阵已有值,dryad_qrfj6q5nh_v20240304,,
Rhyacodrilus_sp.,locomotion__clinger,0,0,previous_merge_run,上一轮合并矩阵已有值,dryad_qrfj6q5nh_v20240304,,
Rhyacodrilus_sp.,locomotion__mobile_swimmer_planktonic_skater_flier,0,0,previous_merge_run,上一轮合并矩阵已有值,dryad_qrfj6q5nh_v20240304,,
Rhyacodrilus_sp.,feeding_group__collector_gatherer,1,1,previous_merge_run,上一轮合并矩阵已有值,dryad_qrfj6q5nh_v20240304,,
Rhyacodrilus_sp.,feeding_group__collector_filterer,0,0,previous_merge_run,上一轮合并矩阵已有值,dryad_qrfj6q5nh_v20240304,,
Rhyacodrilus_sp.,feeding_group__scraper_grazer,0,0,previous_merge_run,上一轮合并矩阵已有值,dryad_qrfj6q5nh_v20240304,,
Rhyacodrilus_sp.,feeding_group__shredder,0,0,previous_merge_run,上一轮合并矩阵已有值,dryad_qrfj6q5nh_v20240304,,
Rhyacodrilus_sp.,feeding_group__predator_piercer,0,0,previous_merge_run,上一轮合并矩阵已有值,dryad_qrfj6q5nh_v20240304,,
Rhyacodrilus_sp.,feeding_group__parasite,,,missing,仍缺失,,,
Rhyacodrilus_sp.,respiration__integument,1,1,previous_merge_run,上一轮合并矩阵已有值,dryad_qrfj6q5nh_v20240304,,
Rhyacodrilus_sp.,respiration__gill,0,0,previous_merge_run,上一轮合并矩阵已有值,dryad_qrfj6q5nh_v20240304,,
Rhyacodrilus_sp.,respiration__aerial_any,0,0,previous_merge_run,上一轮合并矩阵已有值,dryad_qrfj6q5nh_v20240304,,
Rhyacodrilus_sp.,dispersal_mode__aquatic_passive,1,1,previous_merge_run,上一轮合并矩阵已有值,dryad_qrfj6q5nh_v20240304,,
Rhyacodrilus_sp.,dispersal_mode__terrestrial_passive,0,0,previous_merge_run,上一轮合并矩阵已有值,dryad_qrfj6q5nh_v20240304,,
Rhyacodrilus_sp.,dispersal_mode__terrestrial_active,0,0,previous_merge_run,上一轮合并矩阵已有值,dryad_qrfj6q5nh_v20240304,,
Rhyacodrilus_sp.,aquatic_stage__egg_larva_aquatic,,,missing,仍缺失,,,
Rhyacodrilus_sp.,aquatic_stage__fully_aquatic,,,missing,仍缺失,,,
Rhyacodrilus_sp.,sexual_maturity_duration__short,1,1,previous_merge_run,上一轮合并矩阵已有值,dryad_qrfj6q5nh_v20240304,,
Rhyacodrilus_sp.,sexual_maturity_duration__long,0,0,previous_merge_run,上一轮合并矩阵已有值,dryad_qrfj6q5nh_v20240304,,
Rhyacodrilus_sp.,life_span_bin__le_1yr,,,missing,仍缺失,,,
Rhyacodrilus_sp.,life_span_bin__gt_1yr,,,missing,仍缺失,,,
Rhyacodrilus_sp.,voltinism__semivoltine_lt_1_generation_per_year,,,missing,仍缺失,,,
Rhyacodrilus_sp.,voltinism__univoltine_1_generation_per_year,,,missing,仍缺失,,,
Rhyacodrilus_sp.,voltinism__multivoltine_gt_1_generation_per_year,,,missing,仍缺失,,,
Rhyacodrilus_sp.,fertilization_mode__internal,1,1,previous_merge_run,上一轮合并矩阵已有值,dryad_qrfj6q5nh_v20240304,,
Rhyacodrilus_sp.,fertilization_mode__external,0,0,previous_merge_run,上一轮合并矩阵已有值,dryad_qrfj6q5nh_v20240304,,
Rhyacodrilus_sp.,oviposition_mode__egg_mass,1,1,previous_merge_run,上一轮合并矩阵已有值,dryad_qrfj6q5nh_v20240304,,
Rhyacodrilus_sp.,oviposition_mode__ovoviviparity,0,0,previous_merge_run,上一轮合并矩阵已有值,dryad_qrfj6q5nh_v20240304,,
Rhyacodrilus_sp.,oviposition_mode__soft_chorion,0,0,previous_merge_run,上一轮合并矩阵已有值,dryad_qrfj6q5nh_v20240304,,
Cipangopaludina_sp.,max_size_coarse__lt_10mm,0,0,previous_merge_run,上一轮合并矩阵已有值,korean_stream_macroinvertebrate_v1_2,,
Cipangopaludina_sp.,max_size_coarse__ge_approx_10mm,1,1,previous_merge_run,上一轮合并矩阵已有值,korean_stream_macroinvertebrate_v1_2,,
Cipangopaludina_sp.,shape_S1_streamlined,0,0,previous_merge_run,上一轮合并矩阵已有值,korean_stream_macroinvertebrate_v1_2,,
Cipangopaludina_sp.,shape_S2_non_streamlined,2,2,previous_merge_run,上一轮合并矩阵已有值,korean_stream_macroinvertebrate_v1_2,,
Cipangopaludina_sp.,armour_AR1_none,0,0,previous_merge_run,上一轮合并矩阵已有值,korean_stream_macroinvertebrate_v1_2,,
Cipangopaludina_sp.,armour_AR2_weak,0,0,previous_merge_run,上一轮合并矩阵已有值,korean_stream_macroinvertebrate_v1_2,,
Cipangopaludina_sp.,armour_AR3_strong,2,2,previous_merge_run,上一轮合并矩阵已有值,korean_stream_macroinvertebrate_v1_2,,
Cipangopaludina_sp.,locomotion__burrower_interstitial,1,1,previous_merge_run,上一轮合并矩阵已有值,korean_stream_macroinvertebrate_v1_2,,
Cipangopaludina_sp.,locomotion__crawler_climber_sprawler,0,0,previous_merge_run,上一轮合并矩阵已有值,korean_stream_macroinvertebrate_v1_2,,
Cipangopaludina_sp.,locomotion__clinger,1,1,previous_merge_run,上一轮合并矩阵已有值,korean_stream_macroinvertebrate_v1_2,,
Cipangopaludina_sp.,locomotion__mobile_swimmer_planktonic_skater_flier,0,0,previous_merge_run,上一轮合并矩阵已有值,korean_stream_macroinvertebrate_v1_2,,
Cipangopaludina_sp.,feeding_group__collector_gatherer,0,0,previous_merge_run,上一轮合并矩阵已有值,korean_stream_macroinvertebrate_v1_2,,
Cipangopaludina_sp.,feeding_group__collector_filterer,0,0,previous_merge_run,上一轮合并矩阵已有值,korean_stream_macroinvertebrate_v1_2,,
Cipangopaludina_sp.,feeding_group__scraper_grazer,1,1,previous_merge_run,上一轮合并矩阵已有值,korean_stream_macroinvertebrate_v1_2,,
Cipangopaludina_sp.,feeding_group__shredder,0,0,previous_merge_run,上一轮合并矩阵已有值,korean_stream_macroinvertebrate_v1_2,,
Cipangopaludina_sp.,feeding_group__predator_piercer,0,0,previous_merge_run,上一轮合并矩阵已有值,korean_stream_macroinvertebrate_v1_2,,
Cipangopaludina_sp.,feeding_group__parasite,0,0,previous_merge_run,上一轮合并矩阵已有值,korean_stream_macroinvertebrate_v1_2,,
Cipangopaludina_sp.,respiration__integument,1,1,previous_merge_run,上一轮合并矩阵已有值,korean_stream_macroinvertebrate_v1_2,,
Cipangopaludina_sp.,respiration__gill,1,1,previous_merge_run,上一轮合并矩阵已有值,korean_stream_macroinvertebrate_v1_2,,
Cipangopaludina_sp.,respiration__aerial_any,0,0,previous_merge_run,上一轮合并矩阵已有值,korean_stream_macroinvertebrate_v1_2,,
Cipangopaludina_sp.,dispersal_mode__aquatic_passive,,,missing,仍缺失,,,
Cipangopaludina_sp.,dispersal_mode__terrestrial_passive,,,missing,仍缺失,,,
Cipangopaludina_sp.,dispersal_mode__terrestrial_active,,,missing,仍缺失,,,
Cipangopaludina_sp.,aquatic_stage__egg_larva_aquatic,2,2,previous_merge_run,上一轮合并矩阵已有值,korean_stream_macroinvertebrate_v1_2,,
Cipangopaludina_sp.,aquatic_stage__fully_aquatic,2,2,previous_merge_run,上一轮合并矩阵已有值,korean_stream_macroinvertebrate_v1_2,,
Cipangopaludina_sp.,sexual_maturity_duration__short,,,missing,仍缺失,,,
Cipangopaludina_sp.,sexual_maturity_duration__long,,,missing,仍缺失,,,
Cipangopaludina_sp.,life_span_bin__le_1yr,0,0,previous_merge_run,上一轮合并矩阵已有值,korean_stream_macroinvertebrate_v1_2,,
Cipangopaludina_sp.,life_span_bin__gt_1yr,2,2,previous_merge_run,上一轮合并矩阵已有值,korean_stream_macroinvertebrate_v1_2,,
Cipangopaludina_sp.,voltinism__semivoltine_lt_1_generation_per_year,0,0,previous_merge_run,上一轮合并矩阵已有值,korean_stream_macroinvertebrate_v1_2,,
Cipangopaludina_sp.,voltinism__univoltine_1_generation_per_year,0,0,previous_merge_run,上一轮合并矩阵已有值,korean_stream_macroinvertebrate_v1_2,,
Cipangopaludina_sp.,voltinism__multivoltine_gt_1_generation_per_year,2,2,previous_merge_run,上一轮合并矩阵已有值,korean_stream_macroinvertebrate_v1_2,,
Cipangopaludina_sp.,fertilization_mode__internal,,,missing,仍缺失,,,
Cipangopaludina_sp.,fertilization_mode__external,,,missing,仍缺失,,,
Cipangopaludina_sp.,oviposition_mode__egg_mass,,,missing,仍缺失,,,
Cipangopaludina_sp.,oviposition_mode__ovoviviparity,,,missing,仍缺失,,,
Cipangopaludina_sp.,oviposition_mode__soft_chorion,,,missing,仍缺失,,,
